question_id,operator
2e400427ac62d7093f914ded10331530858c4a3a,op1
a1b300fae47e0761d6413f5ac7e40f2690170ad3,op2
a0aa3570e97652cb8288bb4cd778c11900dc9888,op3
5b773894a32d0a97954f1aa74b9a79aae9efe11e,op4
ae5778a5c3dba697160eed2fc2317533d8b80cf1,op5
74f4f8f965b3c0bd9f4cbf47f94f138d9b99d904,op1
8ccc215ef98ea7425fbd506f8926e4ad78ca1731,op2
6de57f809f3a4c51461d894a2750f493fa406c73,op3
05d9363574ab4a12b4322079e88ae5d75d9678b2,op4
92f80153bd5f394567714e94979db44270772a47,op5
7adb61139985c0139b07614a5d00280dab845620,op1
b0a4328c1b1d7143a72afe71b9edc8d104dc06b2,op2
11370eb3c172e1e8471a0b55282a463b68fe7204,op3
15eacc0223adc4b30d7cf453c760562ce33a6fc5,op4
3f38a67ab54e69a0549cd37146b58b8da47c06c2,op5
9b475a73e3e62f94e027eab8e6bb3cbc417ad37b,op1
e149f8e1fe63fe45ed697d60b453d54bb1c46949,op2
51ebbd97979d7708d1e30f232a4ac0d084e4fc77,op3
9108ecee5010b346016b6cf4afd591b2f9cb510c,op4
60762b3cc2538a8c5ade2b2ab7258b92d292ace7,op5
99ec6a5fb04bb2f23acdda66c75c3b111cb64691,op1
7a6d5abd84f257c050630e7b028dd6e7f636a2eb,op2
61303019d83dc388bf6e95a2001155bd8ba6daaa,op3
7095334a753f69e9d60afe3950255cd73887f412,op4
856d8dc87cc002278689ba38e6d6e9dc1f786123,op5
702042e4a3b4f8106287935d43747adfd4ffd096,op1
632f4b355b145beba3134a1298bc395b68d65938,op1
ac09182c45f9d430c299d1ec49ebc92154575ee6,op1
136a1b4ceffd0f4bef27cb64147887c8690fa2bf,op2
0bc4a6098df6442f4964f864b7bc2fa2d70c98b4,op3
5ca33afc90d6c59bad3c3f3ba6a1f8a6a49e7024,op4
9ed47e02d6695014bb3f4771b5da4cdfd32d74af,op5
23e6d039124b490440d5ddc07aa86863faab9734,op1
bd14089aee7700858378cbee3e0daa3b12cfef99,op2
be2b5b73109d11e83137a7da25b0155367f61b5f,op3
09c35766a1bb6db979e81c0bfc7309ddf35128cc,op4
d834f36bb7ccb705991eac08355aa2b52c9aa6a5,op5
d0eb065610816a9d31805c26c9a3ad6fd3ec20bd,op1
47e1ce537304c3e03b2d6c318bbeff5fa2e89fb9,op2
efe1d7b4e223fa60a5398997c7d62624718d9262,op1
1a0a850555d52647b09b4bfea95cacddf578eea1,op2
7f32d4a6ec8d814c93116322c10a95d323caf66a,op3
812f5ce9d1f9c7e32069322cd9ff0dd8563451ae,op4
87199766583336406a3b1be8231aa0ebb52e6242,op5
7fd3ead114b443cbc2a9428eb23a59b6f6530435,op1
9b4c5ce6a4b6a0fbb6e78af96b176309f6773c73,op2
1a3b85e35b019b06de3f03dfdda3778a6aeb39f4,op3
d8a027bd2594f50fd439922d5fda17666587ae60,op4
d26cf9a9fc925d3b37f7bfc453b503adcedfbb05,op5
04f0f90aa22aa5b76ec04ea133a99c38181d17bd,op1
0c21f389bd3a61ca2c479f4844e8d2c87581a081,op2
9f10cd36d7ae99455c2915820205adde09b0fdc9,op3
09decb5f5797853cc8ea6edb1593e13c09c19662,op4
c7291a7f0c9957860bdbb4636805f6d0a0e457d4,op5
e645fb01c27d9dddc86216f0269f3fdd64dfe7a1,op1
ae2b6d1e243533d502eaf55757661bb09079a557,op2
b79d8f7d9f18f201a9ddf0e08d897b8a5aa48a3c,op3
4bfa468bf82cd02ec779e43a5677675601e642cf,op4
9bb32135fad016dbf33b2471662aabc43c466b18,op5
cc3da6e03923b3a2318e53f46a9355378b40333a,op1
90fa8aaca596f6237425359ff1f7086ef4a7b888,op2
6c6e9332a37052b0e1e7a901da4df56b9ac86ef3,op3
d214cb17a66b2c0026ea6205e8686e9bec38f461,op4
11afd7dbda93451c192b8426a1cae60b98a00b15,op5
0d16ea07b21ca6a9ea0df5e496a879b9ee543fc9,op1
6965fd24b19ee61f27e46c6934cf98f347e8335c,op2
89bf914e5375b7ac854a67f58d2490f251c3e4c8,op3
449d42321497877863103d43a55b6b760b6cc471,op4
19a8c9e0adea389100927aeca0660b6ffd1416cb,op5
f8ace45ca811e61755982585c408c9a34c01f36c,op1
1012a2317a501f005c2367a3b04945dbc9afcaee,op2
82f2fd7d48d05ab4196d45009c2e39b77772a5df,op1
bb51632539146f09e263e333b7381cf1a24d5777,op2
92b306b69ea86e75b1bc93be5da29f26908b1d1c,op3
a0a069caaa1733ca603a841c283efd6012a6bab6,op4
d771a5a4d5e09467235fdd0c3dc2f526aa5f0396,op5
b969ee623f8b5d6e460a14211755e9fbb3ea2994,op1
f520bc7994ef456963ea2fd528f7e04eafc13b5e,op2
a097f021f2c3cdeb50f0b964bfde95fb4a04dcae,op3
5b9708d9b089e1c7e6154b09dc258ee6b3b7f5c8,op1
70713a22b71f83f7809bffcc10846795f17090fa,op2
51badd7ca54921c3251fdc4898cd0bac4aa561e0,op3
b5b48970769ae73b4d37d647445fa2bfdaf75a0a,op4
d771a93b56e244137c9dee311edd57073b3d7995,op1
1146e1771e80aebafc2ab58a468b6abb0892bc60,op2
f7efce042b14a2fc714c5992a0867d748f5f5cd0,op3
fb46242215d8de159869fd5460aebdc8834afe92,op4
6be9fd9d4083af8b1d744947ef9975f220ab1a7c,op5
b92fda6392b72ca33dc6de26530c687c76762541,op1
f30e5872981069d4b408907cd616e46cf45d1f35,op2
bc2828a82608381eccdb47d04377553a27fe84ed,op3
5a3b1cea0873fb9439455a89047a9f5f2769f41e,op4
b987f889ce67c812f43e1e5f5c6c3c447713b2a4,op5
f030d5a020460efb10f86620b6eefc2137c9716d,op1
7e5f4bf4e6709285ca89dad798e21e2c7bbef45a,op1
860e444e7d24a4339fef9ac3776612faeec48df8,op2
5f7c22f4d8a7a987c5eb7f5c02b9af0b9a807278,op3
9ee5f6d4e8b7658212283561525c80b07032a578,op4
e2a21afc34d8649798ba918b616e9fde6e65a53e,op5
958b607b12db8c435aaa51799b33d8153ece48b0,op1
97924feef92aa34fa2e8d2dfe63b3065a17cbf2a,op2
30fb852f1b58d058d76a8a85fe1c9e66e8e2f426,op3
63eb36550db0e711f31d2a71b018754dcf978648,op4
74461e08a5e5f8b2e8496f9ff9f13dcd484a69b6,op5
59c8d1bca5ddbfab4c2c1120dc3f658948dd9cb2,op1
6c5e3f54f9188989394e519d915ef0823658d2d5,op2
e332288e5ad3c3b07992df6afddd962ac30fc204,op3
a7f693aa9c36b1c79d8382d26ffd277c0462b012,op4
c53b7729feaf8aeea7bb006bdf9b798526c84804,op5
28a612ce403262fe6d891b459782d790b614de43,op1
6dbbbef6f34ce16a95c7bf2d72597c25f6153a5e,op2
48850bc0ae7f5e45b5aed080ea351db8493d1059,op1
4d64bdcdecb1368af40d22f17efb51955be6e01d,op2
e0742cdaf490d09e0813a331482626cc2097eecf,op3
bcfffcb0c8c7200298d35f10c64fe824c6bc42e7,op4
90b6d5eed12980e9e0261745770e095c6fdf787b,op5
b23dbbbcea88aa03146358bb5be5191123240e96,op1
d64dac2a8b0c96f2a233ef64c73af6a7225ff3e8,op2
194d30e4fe4d9ce2857f9f3b9e0498ba94399084,op1
2c5f3dc96c12f0acac9004038a464c742c95e76b,op2
0040f260e3e748d0101cc5a816df87f77d26dca8,op3
33a9f31fff9e93acaec9f002c6c9343894151272,op4
318ae8660ade70d262e6e2cffa0741e0999c2aa7,op1
ceffd7d78cf5501365752fe6d9a9078227cecdb9,op2
a40bc38a33780005e8810342f71719bcb536d8d9,op3
6c2b09099afff5c98b9dbe700685aa03bee4be80,op4
5808a0d7df512c74cc7be890fa4d4dbf888abbdf,op5
25831f26257ea30ace9fceabc1ac5151a49494dc,op1
a0ed50bc52c1e2662b2ced5bf37f655a3406ccb6,op2
cc72ea89bc9d725a0954df66b11ea31c0b67681f,op3
2dc2139c24dfc86982ddafd2833994d81c15d143,op4
3bb52919fb3441a35de4a0706cb8fad73ac0d9ac,op5
d494f8af3b9137c5403c6cfc88f63c77fa725266,op1
4c3da5b069129bcd9774b360c69194184b49c22e,op2
337e1a097ee08b812b579b523c3b528840cceaf4,op3
766bae60c450b35b5dfba15600a2cc39a2ee6a98,op4
feef8d3b3a68950d1ea1f5508b00b90b2b7fa841,op5
e995a4bf81a398c4b930993922b4da16f8b0ff0f,op1
7ac01010e366a858754c16e47d3e43f1d887c1eb,op2
bcf09178ca1bf09d2e6a7041faf56afc1ce6ea0d,op3
61da9e549d3e5b533c251c5795cc786c789685d9,op4
aa1a28fa7b39e0fde202e78ff82ace4ebfcfa742,op5
092a88b5d2c4352676737ffc9685be282bc51776,op1
5499ce0c33ee649adae9c57fe391e50513c5e0ba,op2
ebc66eace347a8ff3e7306bf6a650ea912d86057,op3
84e4d36f46eabcfb65903267bda965e171955552,op4
460983333d96741f85fc16ae2de6d047af336713,op5
455715f0f4affdcebedd3bddc8e296cca42bde1f,op1
702ae0b9c2ddfed9ebec62f9fd197486cc2cafdc,op2
9184b5360dfe86f810e31f0417e59b2df4620719,op3
8eed9dcf998762750ac8593ec2fabbece5eeb43b,op4
cdc57f3395c92c02e71d6773bae9286c78c59a9a,op5
632a9d2e5cfa721d7781fcbf7f19369f7e7ad012,op1
6be07a3943db3019eb6ce2a4ad24cb1b92dd84ec,op2
958f60892212acd815d44f6fe7bd5e4da1710a20,op3
38db6b61cc785bc4d3f1788bb1fd958e5acaa223,op4
2cb720614ec7cd5ec645d2962f8f030041ef6695,op5
ef05bd20aada3b22b191e0f01073a438c7e3f199,op1
17e439bb52a235d57d1d291a1ed423651913a502,op2
c0b4660e4bf97acbc3de88011e05a21704aa6e8a,op3
2f989edf9f5a015b1df490e991c9899f3fbb201b,op4
8c267bd117d8597fc0e6c124d94af76e760a293b,op5
6f760c13a576e44b228761c47d98292f3d3fbbcd,op1
f3329310163e3092b743125e6aeebde9f33181b2,op2
204be6ffc6d00768deef2ced1785b981717efd57,op3
2b5dbfb7ea7ca22d39743ef22c8523345dd8030e,op4
37ee6a6bcaaa8d85680263a653cd2fe0179c3732,op5
83f1ddb34e452dd427c43f167cbfc246351b2195,op1
e22338d9fd6f5e64f3e9d52d20b79c3bf1d16873,op2
d734bb202055e13d46255f7ee8dd87bf4e9d85fe,op3
c753bbdc6d1121bcb904c817749684d67f70df8f,op4
c975fa2dcb94efb60625841eb44fa310edf105fa,op5
662d5fc7c8b612ae1fac7037a510794a3d8ececb,op1
427b6ee66d02722d2ef8cbcd7c45362e694a201e,op2
6957937f9a7168f50cfced3910b4ac683c400bb1,op3
f1495780baa9d0ded10c79288918748e7479a8f5,op4
e03abf7f47fd2216a545f647ae31067a654c1495,op5
187e9a24071ea4f23ade4c6fc34a098b803a4c6b,op1
4e2df8431a15f5df05ac33e386aa2197756adee9,op2
68b2df8575479657a2ed3ddf80693ecf86103353,op3
290cd639da259bbab170c20f5d0936b5abe2c5d3,op4
526f648ee14717e0ab41c82a090117f0b4a96ea1,op5
e957d0c49651a657fb07a0f13f037926109d8fbf,op1
990d735ed423bb11e596830fc545751457c72cbe,op2
f61850c85f461f930bca8d3f98fe54d01a1fc322,op3
1e6fdbca9a562f3b62342f8b8bcb9832342cb889,op4
c9de8aa98d2eda3e9320bed7ec8b68371350714e,op5
72bb2f942545b3109a6cf42d3efcde2564ce5677,op1
0451fc2529c3a3647632c8562213f7ebe5ab1789,op2
c781ae9206ac20acd8b10682fe8c5d09c73f3e14,op3
805254ec3934aea05c4cc0214a992563f364e604,op4
7ab6ad3569df1e0276ad0a53500007aa97716c57,op5
982118119d563bc8b7065176fb5c4c35edf04c04,op1
60bdfdaceb4fa9e7d6e7be1264578c6fb6f109ca,op2
2da52d0f0d22316d6aac9fbd7d4317a837203698,op3
062baad25a0df088b5f9dc6f7ad33394fc3f5f6a,op4
a4e1679cacc0bcc85a5a83ae3252762fcb7fdfcf,op5
f85fa1e41beab91eb36155390885a1e888d1d49a,op1
e5d86e9d806ba13b46b60c80de5a6c4a14bfce47,op1
fec81dc54e67ffbf30ba548a33ec6efe7f3193b4,op2
be7f2939486fb2180ff34f6901be8ff6f6b5a5f3,op3
96fb77984e77f9e2de895d36d42af50a7ebebb7a,op4
419f5021bc7fa4b05784d52aa32ccdf35d91556d,op5
a60f538d9cbb675c237d784e9be3ac42a0a53c49,op1
3ac9ed2709f1b877980ab025aa9b32b86113ba33,op2
4e8f84656604331c4bc3695afc02682bc85d01ab,op3
1bda00ed361460bd63377e23da24fcdeebf685f6,op4
48fbb6aab444d2568b25f45d2f8a566ac32234b4,op5
3bebff80e3ad153b67454493bffd05721381060d,op1
86cb82d5ac3e0024eacdbf253f96b8ac0e066dc8,op2
e8039d56148193e5674c46e73452904d92729b6b,op3
c65ae738c4448af525d7ea7f9e2ecb0d84625569,op4
c0e8520abc49a33862c713ad2b9eebef0bbdc2a7,op5
c9c2c0d6e42224505af2b398e997aac9a9989841,op1
0cf877299b0876a9b55bc5df5b3861c90d2d4a82,op2
2fcba7764c1c140690273ffc34c81871a0207cdd,op3
bd8431659fdcbca06b3b9f4610a80bcea4963880,op4
a7fc652dc394b86d8b4ac34de29a35e952b75610,op5
dac36cf3ae8af84c43ba98ffd29d8824a2e96f8f,op1
3b60bd4f5b18b96a9c8612efb4030118ad99ab9e,op2
17e8d1fb520fe4199adfed2fbd00f6bb55adf717,op3
9177de9ee2cb6b1f594895e50e5673e1cae7cf22,op4
225b34183e0bf23b43e08db030def5aa22a98dd3,op5
8becd57a7acc01e311831fdfbf4dbaa0cedc6eaf,op1
20666773d396c74328f671d30780ab054c6428da,op2
a618e8cbad75b6e9e8fbf53bacd4eed57e14c187,op3
ec8db2e48d01bbc26f046093fcc3b0d93915b196,op4
1a360b7948ba437887495baf8c7819ad7832aa84,op5
02a9f3bf6a44c6e21bf63c5c40b939d3ee75dc18,op1
d7bb9d7df1e81eb10f6f9bac1bc7c89e1db4de89,op2
71bb08d79b2f513431468d01d40bbb9c6cea8d78,op3
c88849ca7296c5dce2c2059780dd107a28549f5a,op4
cd50a865ccbae4bd8a022d4d1bb559ddc0dad4f3,op5
1dbafb5a1ca56ec7c0e27420c87f6496eb3edb93,op1
58f61cf6f951d68a430f98d7598442a70ea7fc0e,op2
4ddd7d9575f103c4593950499f9923c1293103c9,op3
705b65d40894f99ff28d8668eaa1661fac39c268,op4
23f11e8a2ff3cd04796b9ecac3ede27252568fcd,op5
f76d3da1b292ebd7e56099759deeaadcc05f269c,op1
4ff75a1c761193a919d16a882921cf02abaf32a0,op2
0003a0b878072cbf5c606c723dc057da4f43a2a4,op3
4ce8c22f9415b5ba8f8544d4d3c19ada46d6d053,op4
8028d910957f7c7845c961aae610c89a01a2d847,op5
ed06ec806a9d1d70afb178ba669d52e1c9dd383b,op1
7303f108b70ce39b7200b8ae182ee77c3bc997fb,op2
fd22b6cef80e736e4c88f40f144a95772e0a731f,op3
6e4c4e1e8583abcbfb99acd68fac5f568a861100,op4
a83a5c02e011789cd38c7608beea3856463232b0,op5
ebf6a500ffb48cae6ed5339776793409a728a7a1,op1
db1d4f9325ec209a8ca2b99573633e09df53d499,op2
1e17425d080e61bbf069286684bf0f0d8239e0a8,op3
c1a6f03e7c48c72db1efaca8edd3542e2201aa8a,op4
f17705d5a427f3f4fb379b71209fd2e1033ee461,op5
459b78ef9d5fcb3e590afba273df0888a264c063,op1
262d1e0a1621fbd320c229516cc3b4b2340f6b24,op2
0e890bab270a778cd0a33a293fe73ac5195f67af,op3
31e4eceba302d8d673727def2017dd0a6d56ed90,op4
bf2394085aaff3f3c41399f10f842e31a29355b6,op5
253c0f4a286fd5d06121fff3eb84d4c8dab48cfa,op1
59099e8d64c5b0dc3cf8f8d5e11d6934340246c2,op2
f5504f1e538dabbba67b75d5c4da4af4a6f579a6,op3
eb1a5973d3fc8370a8c7d0d5248d21363bd18dfa,op4
632671cd983f579478e1c64bd5fbe1e3086a405c,op5
2eb914d1b140feb9d94c1b3051a966f23d8b3a1c,op1
21d9a7c954b3abd33c3030b99ae6f7d5b2a18880,op2
e6bc6c459995427250b1beeb2c76bc2c4cdb1ccb,op3
8b4e3ad20d95bc7562e62bb2994961f8985ae4b6,op4
52a57fb099eb4bb679d733a54227cee2480215fe,op5
7edaf517e1e9fae04f2884c464ea0651849542a6,op1
a949e33ce9c73bb3774f739a047c488ee1a98a6b,op2
4aefa80950539268fe9c13faa02ac9a0ab8d8e8c,op3
ed453673869e69bf563f3786015c146b0d1fda7a,op4
5101aa4302d10415f65f5aea8bd3c18407bdefb4,op5
b2fd7b80540ab87f54aac4ce7c97d1a50aec13de,op1
6e24be833938ce561640ac977ff0928094996ce7,op2
1bf008e0d893baca8cbfc65fe01163cd3f96e690,op3
0d49c32c856e7ab84407e07a8c3595819d001ece,op4
7d6912bf5c267dd2036f4267c3ea1456dee2c4f8,op5
64b64697ff8f2f8d01804e706d0c664fce65b9e2,op1
66eca695ebcdaf7be4a0017ed42ac352c1f10226,op2
fe422b065ca46d5823a2b8b1dbb86a55bcc64efc,op3
818806eae65b0df01b5723358966c09fb9283e4f,op4
350744ae1f80cf81a87f14a2a7a2a16d1f1209d4,op5
79b4b81f9b27c93e41727c0393072ab41d92914b,op1
1d45e829e6d177220484980be0c9efb4757506be,op2
507d9186e828b72a9c61fc540543d44c029e7180,op3
391919da23e36cb02880ef4ea4a4b7d765f0e5d8,op4
2277a1bf193f53925d9d8bb01dfbf1feffa10a35,op5
8001fb11482e46aa62f803071fbc133e976ae3e8,op1
7c4f091ecd0da865769aba85d3327a1bac3e9d33,op2
f02e601aa35cc79a3125a670b7ea624aacf74d5a,op3
5c10df3da9c6b7ea8713b13bd98f76df29bb7c0a,op4
602aa01ee174573b3cbfcbfbcd21739a475dee06,op5
4fcb0058a9dd891f18c2ee236cf6530ddc132f6a,op1
097d1e3346561229596d080a7e2051b660f2ca2b,op2
fda46fc47b8083b10db448082dacbec676ca0cba,op3
9fba4e1587d5fcfee8649ac29e75066b8d5d1cb1,op4
089ebb52e4fe056ad153c7b790d5b7899130d99c,op5
3896eaa6c6b4a506ce27f0f77dc0356e34e8a015,op1
99850c21752c7740e7a5c6d2378c084bdcdf5e5f,op2
10164cf442d82ad12146947b6dfdb5f6671998da,op3
5f516c7e5c781b166d6cb5080a2f921007b106f3,op4
2bc9b00db95a5023447c7d29289b440f2d41e5d3,op5
9e662a723753ee681011befbe1286a2e332faad0,op1
e154160b7c439841f9d9535cbe966b89a894a2d2,op2
ffece2d48eaffc4d04bbe39cd2c291aa2df0c088,op3
c3b7d4ee0f7f288c33db605a1e308c4cc78f362f,op4
7033275675eccf3cf5167cc67ed3dcb8ec34910d,op5
6a53c2309fce0510e63932040157d8d773ea3548,op1
1be88ac169df0900656f3bb4a8952e4004bbf6f0,op2
a7851dd662784d5d14eb404225b02d720a661367,op3
109120104a5302b931183be24e86203398eef99e,op4
b7a32790b4449d7bb077baaa6d249f72c31a6cc5,op5
e0c10ea023f98e05ec31a2d31d73298b64ed8464,op1
7d4bbebaa10c3577fcb05cc6822bc1b8ba4a080b,op2
2afaa30bd7f4079293452bc0e35afc4c72b7648d,op3
dce4d6ea00b5e3a6c1a75af2f06f51bc61c4fd78,op4
2a7e25cd1e1f78d0c2f7b3702e81ddb9555b3459,op5
7503492dda0a01b3d87de37021df44a538fc4126,op1
c2e45ddfa4b933f7bf58f569ce41f3e6c4a75dd8,op2
68b4d1b23ce826b8e3e418669f636d8fb1e44151,op3
5871c5075b15f6070e0b6f796998222c0448e739,op4
fa196775d647bd5ca79e3bd06ed980c93b89857d,op5
2800419a735d4761f533cc31f1a5627fced74e8b,op1
47a511d6d4361793fab89b9eb0c949e2ffa9d0a9,op2
a2e1558e182a8b4dca57678a94a1c19c985ccdcf,op3
e3555088081863b5798e6183e76c7af1beae4b67,op4
76c51411d6b6eecefd88981a2cb988b631fed194,op5
293e0b2edcb7233ff69b67382f90d1bfdeb4c0b9,op1
d626c4150ff493b545fa4c3d21742b39de77cdad,op2
bd36b33389358aabfa396ce45e06585a4279f276,op3
112e0af00dc93fab53b98743158d6c7195d8a2f3,op4
891dfcf097701a004b74e7387ce22228f0e580ba,op5
3de982acbc92ea31f4ce7a017768438fe24ca3ad,op1
4ac81b4a8c71c4ba2e0847af91a31bc8f8549acf,op2
0df14faa301211f528da4fbb33d06bdff9c37bbe,op3
9ceb5e133cf7317f58a215d031a4eab0139c5e3f,op4
6427628c2d17872c45ae02bc5932d6656907e0cc,op5
d36dcfc96f64c379c39a4f12e6e684b0b9255a30,op1
2346f92e763fbf174ae2b1cf00b77fa091d66750,op2
4fbf817bd3cc7e3a7bf5f2e144af4dd7078c5b9e,op3
e147addf53f13e23529477b1d061d090729c7d5a,op4
d5ac3fe1151b7959fe2ca903ec74a814e6a9504a,op5
0c58b2fc0a3f559c5e6d885128d660c2857b8fb4,op1
a524bb0cb7da50fa11383d3e7170e069e5bba1c3,op2
d9403b65cc6528f77a6f70ae10e6e1c9c7687cab,op3
26ff4f29a3ecf63cbba10a7c0c32acd28693c3f8,op4
56beef9487c558b58538a783f0c53938263e5602,op5
65106c36166b540c69d697033f45196a5bc99525,op1
4f07148066c368a551a9cbe2aa1b7c03ef22a1f0,op2
ca95e235efc76d19d80f74c28aab82d267562962,op3
f2472d7ab44a8071ada53be95ae237006ddf797d,op4
0df374cdf2420921ef6bd7c4875a4f136d22936e,op5
b3f082903945b3891b8890b41425c287d790bd49,op1
5315b461b45884572bc14d4b00cc4dce3f086fa5,op2
ef6a7a6602d3d4f59899db50fe7e8077f28f364d,op3
933a00cf42d5fd3014de923ff06eb9bb904e6b37,op4
6e9c044beabb3503a5a15b7baf50885070f5bc08,op5
27c3a969e3784d7944b33106456b0cc78a6fc9d7,op1
9cde1fac90ceacbb8d875cb4b39e99a7f6396ae1,op2
479ccc8b9fee9d6d9c281f69f980959146d2856a,op3
7df5a299ace836f62b420e532a0387bdd41daa85,op4
26d2ba631016592b3d05238134f89c41a55a7448,op5
6b09e27d0dde78e798da4d8b0b730dea8b314549,op1
cd6a98354f10f3155a2a2c619255680476022e35,op2
86d3819e95b662020bb76592527ea7382d8e958c,op3
a218c6eaa3d0deb4923997b841b40bc8f0f345a4,op4
f3ad5d65ac6260348148e77caf453bb22997dd0b,op5
325a611d6bfe4bf3b860bc15f319be93d1475d64,op1
7ea89b801ba914a27f79c1ba8e9089280dee0939,op2
e1c33ca1ddc983e4ac6aed9eb5f9153476e65391,op3
252042b08a4639b0ffc5116856be83e789401422,op4
1c435e1ee1cf0a5f25ecac3cbb9fd9442c7aea66,op5
a54348b44f82831a7c67fd532dab124b76a01b59,op1
02a7a2d41460be57685869286aede2db11dbcb78,op2
23b57182cb17cef936b44ce68e511478dc704662,op3
16913a1ce4ca60ddac3c704921a02b16f5c7d454,op4
508de8831a51e4bbd9a5cdc6359af06d658ac0b0,op5
1932b74cf2779c0cc1dc0a54849645935c671175,op1
0090bdd318578c3cc906182d178fabdeacb5a0ca,op2
83b8c5776019c7d3f1d2a775de19f75e893b4c7c,op3
5e3ba4630039230d9822937d3722e65eb1bb0b91,op4
622fd892810ac0973829d663f2c4024ab0a678ee,op5
be6fab497e22690d6afb5fc0868d4da62735cdf3,op1
6f37fc6d7d0adeebde172b7f467f441f2513399d,op2
395df3791c9acebb384be6d0953f837132c01d0a,op3
c1c5503bfe5ce3ef050ecaf77507d9bb8d878470,op4
cfd3168acfc8a1978ab12b729e55cce64d48e85e,op5
d3adf9dd9f83421a3e3a01fbf59b986ff369df56,op1
11e87e3616099b7ff1b02c0d2603b4fc29f2929e,op2
11617e35af1e7ac368aaee43bde5cbe269a56941,op3
ecabe5afa30a7e2ecf9c7007db80143c36264e86,op4
1f8bd693eeb9b855f8075638720d918867a78e51,op5
8b60ebbdd0517e14334d1ff5d97595449fcb4a2d,op1
8249a8590d97549cc9df2aafffcc7021c12df0b5,op2
f19f7e61b9e099b766411c056463fe9f1f81723a,op3
065e62e4412b9bc8a2989d3b083e31a0e4502ad4,op4
861efae2c349d08c0a1e70f51c0f5d602f7a0fdf,op5
6fdad82c598a6dfbfdb129a9af0b21114d460a85,op1
92438174aada440ed25c8122ae218ad336dffd1f,op2
da106d84bfa5274abef076b4842791a5a516a238,op3
ef69806fa29753cede03176809f7fd7f600e9ce8,op4
7d063a883b4e6bd301afee7d3a29d97a72b6e0d9,op5
2547688aab08e90b0d4abe98fe6776eeb8aa37c2,op1
f5fc1e525a98d209dbe5e410d2928c1efdcfdb12,op2
29b71cedfa92a6f559a8a324e808303352b37c41,op3
061c059c21a4fca9b89eed01793c58b8695decd6,op4
d8d989081545a34708c97648a1955d8b0fa05e69,op5
770aa1b1bf8843dc03fa55d1d8dbab135cbc4e38,op1
b905e4563f5ea3658e6d133acae5e55961a9de1d,op2
8418f27bbb1fbc829f82cd4b9caad796b58123be,op3
afe46f21fc76574d5745ba9036074b9bc8a48fc3,op4
4ea485d5d422fde218011e3f723d49589d5d93bd,op5
d84876e207574177002a3aa8c6ecd68a466654b6,op1
ec6c26e4b6461706b0889d3961f8bcf826e99b3d,op1
4f912c0aa4c2d6e5d2ea7a41995bc958b24c6d07,op2
bca1630a5a2d4dcf23e92fca13d6592972c2da98,op3
c76e258a905239f8a5d704bdeac2d9d1b84ab4d1,op4
582436d897581dec8b8a0accc4388660caa7cf52,op5
31ef03c1cc7e83f3f4cf593e9ca0258502b98c7d,op1
aa42ca1ae5df3f58b5d1293b1f7c521caf1c3e97,op2
068296390e0532b8edff3cfb763b721716c72843,op3
77656ecf84828fdbdc4cd5b19f5171d54a175f92,op4
9177bbfa60642152ffd7829b2c5962cd93ae3bb4,op5
9c5ec40d18284675e891d36ac0a0c31f5fcb4ee6,op1
a0f2c31bfc7c3a358a3cf770cc6f41f113136003,op2
9cd0b2fc6a0d360d27270a33721a3d4af40df733,op3
6595bf8aa32df4ef2ba63f3c9ca7c5c30c81a70d,op4
19d3f1cf606cf95f0f0ebbea2b81583b249a5fd5,op5
31420d30452fc0e0e4634874ac937c6695cf0ba3,op1
de5b7b40030efbb0c0b409a05e2dfacfe3d9d3f6,op2
694b16bba168e60988969195c3818fd32eddde51,op3
5b212a20dc552bbb513a076e24de40a46049cc03,op4
107f63cad5ccc035fc3fd978affa5deff5dcf981,op5
d3817cae300deb2717d90fd6aedf411074a94c7e,op1
79decbfdb624e524e00c9c8d1616af3d7c36eef1,op2
9f74b43cce107219116b433816ffddd40fd5b26a,op3
5de7afd916b59213a4102b6cfe92da12398a60ed,op4
45b746ca2542e623c2e81f5c2b4b0d578ad783c8,op5
096a820fb390e830e3d4d247660e971aac037bd6,op1
90be8848e2cfa12d9b82592759976286849d53dd,op2
ec279771507e259bf02585c63f8e0459e5394f6b,op3
f8aaaec1229c9d6c6d84a6eaf400e4d78cd2f5b0,op4
caef509c1f70fdcab50883d7e78434adffc1fc69,op5
6453fe86d4619808510f6e67131cc00fd69711a4,op1
919b5f56af85293c967077245c35016e5f757083,op2
d3f87978a5bb7b19961dd2f80f7a43bbfd04da43,op3
0d923532dec80a3ad152056a2c4efa33eef3028b,op4
fb4894595da174db351309351129ac0d76ac9c3d,op5
4bb6cd1ae4cbe31fa237c37dfc838a70b8a774d8,op1
3105957d83cbc097b6bbcca6e79dcd6b77f6613f,op2
0a28e2290eecbc739364bdc288b2308d7ce85ca8,op3
0844bb471def3657b7f5037a9219f3dfb028fe11,op4
9e35c5f3bd03f567ad895c3b24fdd8f9a9c8ca8b,op5
562ba7877e24da8bcd800d85410ff3ff1c16b1de,op1
b3cedbba8314ab2bf0a2aca8c040b275c94c9db9,op2
c15ff869fe2a779996a3e45c28b5428ef0e132cc,op3
78ff2b700229cc2a4343c8176bdbe2277120f2bd,op4
7b2a068a852cd8d1786bd400236829e33c71c916,op5
ecf71e5064d5087f1d52331a8abfe7fc34cb2095,op1
929ea0bd3f7792530e40203bca499454b6236a6f,op1
6bc76a9c86b8dee62d0ecab76a201127d7e17354,op2
43c6616313615d90eea9d0fc34284566243ef4d9,op3
7e5221003967f4124cdf57009a4142418e48cfe1,op4
357c55a32706a00cd2134b956ddc5f903fd3f6ad,op1
b47444f2ae098d0c84b5014fb36d286b76d9ba6f,op2
140166cb2ad62f699efe57a69ca53fe778e14ea5,op3
f7b056be85af64b617a3193057eba3655e4239d1,op1
3e09de27b172345e577305f608a730c8756265ef,op2
c44dbc7678b5fa11280f3befca11acc37c3722e9,op3
d99e6c8ac8023ca855890d499df1d0fcbc420a23,op4
27cd9dd2a469675080c6039eca82360e063e2453,op5
d5036d5b28d4ae726daead2409e16ce20974c9d3,op1
46e2c00d089e568fabb0f65012c36b3b5efe4e9e,op2
1cf791cf55cb8138e533b583d5e8048bf3172bf6,op3
c20def39a20a7d8420bc1bbba8247a1d95a360b7,op4
da07c33ad8001b21f6ac9d600f552380384661dc,op5
89cf75cd026958a2828a6d073905214b15aa0ac7,op1
0cc3497f6734485699af0d857faae6086987c6b7,op2
15fd4e08c42780807dc3a9c888ff2a108ebf3c58,op3
e7c75fb88ea7ced8da6aebe215d0a36e6d2effb4,op4
49569350cd6291bb881998726f9f923741a7354b,op5
dfa6ae832860413ba2ca348984b55437e79959f5,op1
b749c40d694eb50204169860c1f99231fe844838,op2
8003204f048dad6f909561f43460fb581b8c3510,op3
b5afa609701588f037403ccf08fd1c2c4b1e2328,op4
f7ff9c7e120154ad8fccb247923bcc8ad659ee43,op5
96176b0dc858461fcce864bbe838ed935eaefad6,op1
fa174352b51920aaffcede8a27f3bf5b27df751f,op2
20c84c54d757f06791a02724603d0231d957beab,op3
ab28457e310ede15bab373914c9773e8f39c84eb,op4
8667c962615b4765fa95611c8853df56db9099ad,op5
605b00bdcd0e047e805d0f9984c2e01ca2436ddd,op1
dd1591244be7ac1418accb8bf7f28cb0b873ff26,op2
7971c0f1015601dee32a1813755902d2dfb062ea,op3
d5707c47230cbe22b74a01a3656cbd074a95e319,op4
0374adec045c72af98f40572a274a2363b64421a,op5
18d971a3f1b43119667aaf4d1afd0d55901333ac,op1
9df62d1c4acbdd5553dd8671473e83b56621a936,op2
879516b8410191b994cb004d33e15f85dc1dc993,op3
5da90eb369704acff5feacc3fdfb88ac1b2bc5bd,op4
d2dcc34619940968a4cbaa4b02703af08dd43ff8,op5
bd6832295d28e89c2981cf9764e3d4352579cd17,op1
cb62dcc45e462654203d0d056b5cd67a22f52304,op2
ab539dfba3def8e3a743abdbb50e902168b6b99e,op3
1dd2903e23c734e8c290b12339c6872a652301e1,op4
fd44ae193b71de6c3978ae30edd1269ba2192c05,op5
ce93ddf52c68bb82c04d8ae5a340271509e4fc60,op1
8c1b834bfd7498315bc5593777f23de75feff8e9,op2
8cdaaea3db76f5197546da03d4f3c38286895725,op3
bcb6057b7507a0cc0a8b6e528f3159a8870dcfb4,op4
1e27ad2f7cf784d2c99d9adb1b810c19e030359c,op5
4a17f1003f8d1586b07a6abaf3734d4baf21264d,op1
21de2ae4f6d8af57091a3477b738b8de499c5b67,op2
0c49e242667136c3e8a3563ed9f1db947499787a,op3
3cfd3ca9d7970041096bed43f867b05890df16ab,op4
d51aaa83c9bfadbdcf19c96186ccaf0939f7983c,op5
4a0f80108080a17e62a40aa829cac1d130cbc538,op1
17b4616c111da6624163db7bd0661bd163ca3889,op2
1d5ac6fb7d4a27c48afabdb4e640587dc551e7ed,op3
1ae0a4788ecc2a38dfad550e1942f6399be57773,op4
3c09d6bc967b879defdf8481255b5c7cc5f19953,op5
3ae1bc026da6d429650973183626704fde50bf80,op1
8b47898221850f4def238bddf64b9c38298b06bc,op2
c50d96ed2b3c50931d454532fe2b774ec707af3c,op3
6d08aab74947875cc9c22b6e91e438772bdb6df2,op4
a6272abe5f5dfc4243ab1678b5d0f29a92adf8a0,op5
95e6b31f137784ad58ee1b43def59a010cea8d8d,op1
fe35628a0e957a297f78ea320ad8f673478e568b,op1
3f82608fd9255465dcbebbbad2b9ce9d9c16fbb9,op1
0d23b35e6839a8ec5b377291d0c7292af53ff45b,op2
4fa24a040f7c5230f2f9903b1cb622829db378c4,op3
461fdf1e10723f4aecd810e68add775db70001a1,op4
a647b0fa9418c6effb6f2455d30a89ab50449cb3,op5
0b6a7f70f627e6fb41835d1775ddd89520c58239,op1
01dc2abb64e9d6794d2b669136a904e5c8d24b78,op2
88f550458ba934d5e1ca1676f349ee40bb11f6f8,op3
78b86d0e3a9e53e2ae7cbb9bae282482f3e87c4c,op4
0ef6a5c178c7b9f16f3df581a5c4deb1fb920131,op5
ba9ab61c386878e6dff124e0d03e1bcf9a6c0f0f,op1
d862a083a176ecd4c8d5689f0bdc672cee98b050,op2
ea467d30efce29b90a91fef0f02364cfd106146a,op3
edac8f700a22114f780e5afaf1f427ade82a0dc8,op4
6f46a215958d0caaf6a49ee39d873053d21003e8,op5
29399fe49b333f8cfdc528cdb197034bbde34379,op1
fe46cbdf0fb5b12121579ee262229dc84b813c6c,op2
b6afe2e58d2318dbd1233f9251ec7d18c581a07c,op3
07e0cc3496664afd37106700b738d72604babecc,op4
3231b758d1e55fcc5812cc5aacfdfce1f7a0d206,op5
8d639493f30f0292bc92765f7e516130fe15c9a3,op1
bb1dfa6f874c5c73209feb1baac0d5f4338bf063,op2
b8586955659ce78422716e5624961d1487213262,op3
295d9946ab0dabd1fb04eee9040aeef295b08cb9,op4
87251c36770c508ffca98c27b5b0eff45e216136,op5
f71185a07ce0f248338d1ff7c70216026dc083fc,op1
c2005e53b852f910d0520d6d3fe5e7a88df88577,op2
bcb8b24cdd80dc2b07660beb0260e30252d3e9ae,op3
7a44f6eb0d8ff29c90dca072b23180aa35a466ac,op4
464eb27c676bcd586f7af00f028044796c1f5150,op5
315759a6dc25d51185ef5dde622613d655e1d405,op1
1b866e0eebbf0f45857383837a25d74ff7e80cc6,op2
ff8f84a47a377a0b12608301300b2c2fbfb6d17c,op3
d7671fce65d8ef5c1967106d78039001720a491f,op4
d6cd454e57de4ed1f9dd3b96e575a6a3bf09d588,op5
7e6ac431b99ca6d97a03fe06c8aa2887c13bdb67,op1
0cb7640b91ca10aa441d1c2d8643d7bfdcb428be,op2
3141538f07fe86aabbbfcf663bae0f57cc13b866,op3
8e2895a3795abfc2b34be4a4e17b1f9258e0ca14,op4
f9fb42091e13ffa1c9e502cf87d4ae6872633c5d,op5
23b2ffcc54ba750c6fdd07c84cd126a80f3eaea7,op1
89e9e4b692c5324556462e0f8ea48c8c31937b7f,op2
3a584555bd6d5731a13ac4cf9d9f70c974dcdb2f,op3
36ffdc626ad8821b5e2208465f8ac2fd2fa1c07e,op4
7f8c8ba674abaf2a675494c9f1e9aaf26906fb40,op5
6f48ad1a43c0698833515993b98ac08831b881b1,op1
677364d316a9ca85c9aed19f7b346b3b17856768,op2
e1c9cc90cd633e38e4941d2ad0999424dff1ea18,op3
fc851840fe3a4733ef92beada4ccb49731430af7,op4
d5326207ef7b3a049d4b378c179c9545db0c849b,op5
3b6271b2d363b0b004c77f034c950ebfa844fbbc,op1
ac03dbf61f8ca6588353dbc3f60aaf81a3896205,op2
69cf70d0afb9269919b9ef20887250b08d944d47,op3
e92274ec5f41cf1129bde59a6ae732cdff9838f9,op4
3198f2567fdf12c96ddd51e11bb1817d9c4730fd,op5
189e9e6a0f6dc7840eb689643c5ba98c20f126d6,op1
2a51d503b59dfadb7c14017c02984ef3d554ea5b,op2
7c9ac684cb99cb53d18addf37a091523ced1ec05,op3
da88c993397b846673c77f34cc74169fc1623845,op4
25ded5b2fcefbcd3d9ee8e6d9e450f67f0e21d9a,op5
68f60505c958ad9b816b14c4afeffd333ee0c69b,op1
a9c06fc503d1f6276172dcf393729338098ef9dd,op2
1235f2e4d93e1dead2575efec562a1f8d256c7c3,op3
ae136012db7e406686ad9c7ca567478ef21fe61a,op1
cad3e0420128afb18e2a31d5454b28eeb7b4499b,op2
209f34dd09dda53d664d0828c410f6c7d6fc4fd4,op3
a01f1fe3a0191d8767526d89668c806e690a8e48,op4
3642c50b2a30115b2bc0c638a8404224ce13bd73,op5
abae88a3f45dda166f7f9de1a9ed091b2747bb3c,op1
73675f70adc7fa6e72d4822b1d8c95200d33ad61,op2
683e604fbaa6858a2277a8e66d49a3d28e52cae7,op3
038d41920e3fec47a04ef9678a94594a7a76aa6a,op4
94b6f65ab65d561121749b86ebc47fcfd0de9d1c,op5
d5b15d625cb815a8b3df6eaa7dbc3f6bbd937d5c,op1
7e563d824647768c7882d63ecf26b2bd9ffa7ed7,op2
7b9e5ec1a245b94f9479f9771bab93e195d0303a,op3
a9e9e4010b810c6c9637e49c327d5f4b823cc616,op4
bdfca7a7b6e41522710792a4943cf577b71132f6,op5
e12c25af42982b880ce7c3bcdd5772b914483295,op1
061c9906eb98b524f4bef44642c13d0e4ce050bd,op2
8cb7386889c779aad8c9600f31003285b8934a66,op3
8a697e7587aeee71ca62bed5fa9353a41003650b,op4
068a8a36646669dd108fc6e96cdaa7b4d79d2026,op5
947862e7a3424b443ba6ea9cc9d62282d692876c,op1
3ad076e289c304b302e61286d56d74629ea2982b,op2
f8af4928570fd3fb7541694ed96eb0eddbb55573,op3
514ba435df569fd6823ae3bf70b6c6720842c9e9,op4
28e4bda4e7e823b0935daddf59b3f03e8a361360,op5
f3a68d0341fb0f158227fcce08be3915c11b60dc,op1
e9a521eb41550f29d42cf28a8992f34521374e81,op2
d65bbe05f9473c1171ec0388e2e6afbb9684f6c3,op3
c0dcd600fa296bc7474fbf6dabc1178be47a49fa,op4
85d370159e58e01f927aad886edf26dec6da0cf1,op5
1bd2839b7fd2302c1c2c2bb87d6a56bd5904523f,op1
33d29a8a129689c1e2c2eb5da3ba6fe36da0dd02,op2
f68b96ae1a1f07608a4251653900d443a409a9d7,op3
e9a6632054ea9ccd83eea1e1da70fc7e7f642de4,op4
5f95584314f17ad4eed3589c3242d1a2fce2aa44,op5
922a9faf5ceb3558acbba14e359287e1ca9ea421,op1
d05ad4bd789fea98a2d48f4d16c30725630f1448,op2
a51136e044656fa10b69e130cde484acdfae6117,op3
4b77f21174b6f0ca5d2829ab70a20a8956cc7dc1,op4
c213759a47f3c0f469f3a009402d09f35b58cfa3,op5
dd281369b6ee733887c65d7cb14d19567dd8a2fd,op1
504963672f5276f9ec1ed8c912c63a2f7150cecd,op2
d5b4fd8e54973720724e844d18441229707477a6,op3
9723977fcc2fabe5295ee4521d9c4ab526093281,op4
a312957f6df5f7fed4922a9e65d61ff9b5c35fe1,op5
51b7e2f03b111b93e4c514edae006fa9fd0936ce,op1
1ddbed8dc121c267c8abe1c9e14d24ca821ccd2d,op2
ee8132d7c02d3a5b148b6ec33bf3bc4fa91b4db9,op3
316f6a5d3dfd4cee5734eadbbac25902ed9cadf9,op4
59116fce36c6b9d6186523841dd45fb78e65137e,op5
4ec85da00dfe2af5f68ea6b9a94d505f08aa113d,op1
e3ca1e0219dff28c792297da729907678b7e7cd1,op2
d6ed1616d03dadb21f03ad1a520807c62db22fd8,op3
0dd62d0cce6ec4f6e859ccd50176bc636e771f8b,op1
1db2d79e669801debeb3aa7cd9033bcefac896b5,op2
1c5d81c61705bd26eb1c6c0df480481e78dfc696,op3
65eb9e837839fb72267318b92c5092c2f062f861,op4
137d779e348b0eedbecb5a06893d01186850fddc,op5
19a27947419857761f5bfd00e21d28f87bd133df,op1
70cb95db5039353a1fdf48e0893bef07653d76e5,op2
5c7f56e5a967b455031cadd35402415bfa435ebd,op3
2eecd2232971c7d04789a5a162c35d7a3e7230e1,op4
fcebb4b519bb3302fc71dae7beed18f352adf02c,op5
cfe1a47aab7a76209544824b5301ab6db2badd76,op1
b79b56ec92f66ac26c5fa57212c4cab570ed6ab1,op2
469fcd327bba74e3115eb0f25c9181776d3f42de,op3
4738a05e795b57c14a0bf6a066b29b28f850177b,op4
dd8691bbdfaf4b694f2f8bcc4077b5e47a4e7daa,op5
c8da126ceb56df6afcf91485fecb6d34dd9ed589,op1
96fa829eb6c7bec04b3954926d5aabbc096d7009,op2
33ba7fa9aea752a22d0a55b8adb5b0ad81dabb6b,op3
e40b0adb289a41338a226ad71fcfc06e47ee3db8,op4
61c8a102cb2b51d0de653f8bc7abfcb027f294a1,op5
0cc06e03b7f914e13c75828e9aacc44786c1a3fd,op1
9bb0fceab65b2176d27ca28e56c799d33f5caea1,op2
6f041ca587645fabdf7aeb0b86a51d997fdd5c7d,op3
04af75f4d106befb11f78d1e0a07bf3b09ba2464,op4
c08443b1d1fbcb98698b33cd48aff01af368a552,op5
0e7e6f9ae76585f737b6b1cdc7fa64dd6d83baba,op1
df5c459372b3fe98a3e62b86f8bf73aa83cf0bc8,op2
152459cb1cbd7aa86d267c10a9b023827ae62c15,op3
c239e6c3b6ebe07c9db2da4ecb19ef36e13fc88d,op4
06d600b2f82be902f759e0abc817ba86352fd6d9,op5
b1db4514f02703d9f7985309163c2bbb3f47981c,op1
f44b0dd2871b78d6227c406ff9611328624f78de,op2
6c6b0e0bbf9ee8f0bee0a6e85ccfc809f0e27df2,op3
eaa6455541d4d66a0a8cc9865177398a7d588c59,op4
d9f953db5373831370a20e2fa38359ee7f9b9b04,op5
87d317a053c29b7807de91e50617fcfbdcd42af2,op1
f5dc58418f8832582c0e08b1a727864e0506b167,op2
a72c398edae44b75202dbaca74a4ad8f6bd1e319,op3
4dc4c90e55a020ad021a0c859ae2129a6cdf9bfc,op4
0decffad8ea496f9ced6875c41d1bd66162607c6,op5
a1abd05792d1c2c49dd9e3023dd868b4cc383549,op1
910ffcc8845aab214341bfaab05936f9a55444a6,op2
460abda32a63ecb6d5f42de5871dbf2db1eb839a,op3
18fd2a5f55b9989f40f2dab63cef3773137b3ed7,op4
78d17b8e41b81d46f5db67a1b6efac046efae049,op5
72d15915a0c093d2961e9fc0e5481145886fa5de,op1
004aaa9aee83f23373939845b10f8f5c0c07c771,op2
603809c005358efb444eb0b1e923aefd79c8c7c1,op3
21179263514edffa4f2a934832b780a106430aa8,op4
97de936765fd14d1391dcb58432c2735544fd61f,op5
35971321004475a823b85614403a8804b5009dec,op1
8d8e385d9d03f9dee53dab7713e11e79552cd96e,op2
20baf61cfc8ca9839dd15bcbcc42aee3f6f718c6,op3
b8c42e221499c99b41df510e3dcc6c88af5a31c6,op4
fbe0031ca68c677ebbc3991f396a7ba86f6cc448,op5
5fd53bd8b2d09620fd86a0a8f71c7124658918a1,op1
9d3d7500250b2bd75b8c585cc1415617299ed8c3,op2
9fc7f6b576d6791fade538a8d6a1fdf6e5654a93,op3
c6c81e346e91fd48e33897eed0e43c87b0f0a7a3,op4
66a322bbd3e59096b7b74f34e3064f4c189c1879,op5
f685f11eb03c2ae30de86e07938225b10c05a32a,op1
339c09942ac5b26d1ba7513f46febab710b7a982,op2
d805f472be81feabca5255df901d0cffd189d5c2,op3
cfd7b0af8d7f5564f9efa696853aa19eb55481a3,op4
0c6a159c7e4162ca3c0ede86c6d5987039251968,op5
4366917e0b49d15c7ae2aaa43a8ea918e5dd33b1,op1
227e2303d09b09a528d8cbae76d392f992706087,op2
57aa43e86af7c8e9dd2ebeb3239a96ae91499d1d,op3
9aec4776f3513254da653388b2b013d07d39374b,op4
1c813e6083f86b38098e91387c7934dcccb72cb7,op5
63754e1cbd65de6ceca1ab385823ef63516785df,op1
7367b3266d9ab84c0fa568b59098d1260b4a6838,op2
c614b766ba4f3685b5bd0144ce8f92c098cbb0c7,op3
b61a3cd381d713b5d16eaf698b68ed3e9502941c,op4
c8e22fb7723a365844e7421e5e07a7aea5421e46,op5
6dd9d6f719945db147d8bfc7a7b0fcf2c9a0b38a,op1
969799aea542e37fe0fb8c85c8008041e8c7fea1,op2
df39829ae301ceed4de3fe0fe43560ed83cd7d60,op3
5088161c847acc98050034252de8493a8c1ea9b1,op4
5cffe2f9ffb5519fd52a231351785a3b83aacbec,op5
922476aed53ff2ace805e25e6ee4f14dfe1062d7,op1
b84867abf25c6f5aa9e9065c150973fa4b935729,op2
a7860765ec9f51c2198820af2ced509ab4730a2e,op3
d3f56786ae33205091650ab5be3126708fecee1c,op4
72f58fd2deb728ef995aa3052d321147e697dbb6,op5
445ca2c8c22688741076e304d59f86c6fefd6e08,op1
190617102570ffb4a0ef73bf5741d3ed31e9e624,op2
a80bb41245023fdfbd55e5a8ead6428f8c321bfe,op3
8d219b83a132a2722205afcb78854cf7fbec2207,op4
6ee5f40ce658d679c7693d302c83a40d620769c3,op5
ba4845823aa6e90a1a986352a811d351a5993595,op1
1c693e79383856327a2970aa3c7b03c07f7f4bbd,op2
1be75d436566c995f9d0b178e5bf6f1cad5bbe75,op3
80691dfee672f64bd94a727778ae1afd368c7f52,op4
86eaab5a3339091999767ccbc9ae15bd1a2d85c7,op5
ee5b5d578a4c35d378f2a9a79887d67a8b1ed7ed,op1
ab7ee823b13b7116f28cb21644d5b6ec5211ac83,op2
513be24b58892989b91e8ef6dde79a9fcddfbf6c,op3
b7a8a26fc2a099ed496ce724f60058ae74c2b24a,op4
24a09b3f5b7851cb957ec61a8dd73dc34e383801,op5
0ab62b3889375fe743cab51d60946ded54b97f9d,op1
c9df8377d1d85afde736acbb57d975a9f0c70c84,op2
b9460419f35ca9f333b66026175249d0d5857f29,op3
070f72c41370d63e1148c95dd01d491c0bc7b1ea,op4
c098acda28f2818cdd68292020d14db36f5a0415,op5
292a1cc2691e56aafd97fd626e63220b2019ed5f,op1
0cfce55c8db616085f6666d2896f33756b9bf899,op2
256e378d692f3353a9df85f887956068124224fd,op3
ef7868898cbf133eef1ab193d4a93878030cccf9,op4
d44f06b740c3a5ca8a7c9c33be3758408881adf7,op5
8bd93d9202f8a41af40b3e0b4898d014e05b67a5,op1
df088d076b19432aaf92157753efeefb3ef9e51e,op2
67b13292af7da096060ab14e423f47238d7ff577,op3
3dd1394b957e8a86598588c8419d6e21d2b2da99,op4
b9cdd5a397a4d8c127a6a41439bf6b5e35f51cb0,op5
0713d3a72b75d3490bc5df99e2cbe8cd40237fec,op1
ef4e89d30c140432f74cf160ce2d80316c17e2f6,op2
8fffd3a8615c336c6c42e11dbc7d9618e81f76e9,op3
272b2e1c921f9da3a39416a8138e08f72ee3ca79,op4
b18a01dde682f9f237b966e392b1348c895c9e59,op5
e38825e64355cdfdc57c0d0d98a49d153c095605,op1
73be9a3e2c8a42e975f581055e489def77ebf0ee,op2
a4750ae6076141988be39ef9a07ec706e5b6b3ae,op3
28584bf38fa334aac7df3a4b2880f9cc6aab1d00,op4
cd048b2a7481cf45a9ca2f66fd1049e6cca8b81d,op5
e52df55f690832224177cc9dad98c3b6c9f42dc4,op1
df4668b74813b7c0efdce377c27d37488592b154,op2
4a115c449e11650b80c78e810bd5d93f09cbae4d,op3
becc8509944b41da90e3933141eb22efc0854f11,op4
54c8c752a357d5243bb601ac533338cc20685794,op5
ba9c5c0431196da494d4c5938c8d4e511d5c4764,op1
7541a015e37d340e57ca6aa171223808b411779a,op2
13ba0c27c4a890b8bc2bcaa289760aee8056eca3,op3
393917752cad9ea179b10935eb41e68acdb3c4ea,op4
c5df31bbedc5d8c06c1417066ce21b0f704e1b95,op5
ffb8b8d78e9db1cec516fdcd15cb8dd6e145f81b,op1
0dd8e552a2933e93b9a5c4c5c0953b51d08c3fb6,op2
05c4cd99e62d13be781a91993827594b6d5c4a52,op3
8d4541ddb6263eafc34f348c197c54d68c7a7b03,op4
3f0a4e37d2577ac63ef953770e2ac68a413968d5,op5
2dc3c5f84c818c837547f5e022615d878361ef57,op1
8fb3ac87832a7ad30de4b3d78e69979b1fbb83a6,op2
127f33be1aeaa188b57f53cd23388487da43246e,op3
bd8fa9627d7a7730deb7675ed7f282a4e2c28806,op4
4028a3eb5f1d1e8a8d96a38f0ad4ccea18b21698,op5
a55ea0f00711a073dd3a9a27763daecd22cae4a6,op1
b7fd6441d85700a9fbbff4980ac4219b338364a4,op2
7893276fab819e63846bcccb9df3889385d77352,op3
90dbe73f7aa3278ddbd81255cca1236cdf0ce550,op4
e6b628d4a5b9d747f58fb75a7853109fb8ba381b,op5
61635b9c12332b9e6fd2c37856e89d41cf52d958,op1
30091c7f345d32e7f76cb67690dceb79c3a37693,op1
5c2d79bb4429ca8a3487eaed27eadd6a3629bc5e,op1
71b33ea388e9694cca85b2cc2474235505385cd8,op2
ec89bd62b92515f2421b35779f38740670a98b95,op3
c57c37cbe3ec235573c8711b4b04d987e2f9a056,op4
d2b9515877f0451b9a630c845a0a4b9f78e1f03a,op5
599f7123ccc2489a02ce99d27b2006218c275fe6,op1
b0c14ca494454baf0c19bd0be9335ca6228b75c3,op2
c795c17cccdbb75ad6c1a7d4f4432b5113939b61,op1
5a54aabf1ec6b70492cea5a688c50a80b28bf516,op2
6646fbac51f4347cecd75842c23033fb317d0f97,op3
8865777e8a3134cc8facd035ce011fbce9477ccd,op4
2db2f6f082a307cb58227f4c8287303fee072251,op5
8694037f1ba18b0461943629b025a0c276c53b3b,op1
fd2cca9e136686384fbf2bd7af6565a632f6fe16,op2
bed6c24840cf4c18525a7573fbe7560cfb4da0fe,op3
7ddf9293ad470620efb9923295006dab00335474,op4
01d8245c524bc1ef64b12647351de61ce6fdf6d9,op5
347dd4c16499edf664bc15186b84222febba4bac,op1
2344cf0cf63d1ea9ec1fcbdb5275d7d2a4d5b503,op2
7e42d36e362d4581cae3f45ff731cadf7b825e49,op3
3bfd0f73e445b3b1392d8b93c5f5b5f1c5585946,op4
be603add38cbdab3909dac601f83b6e8584c627b,op5
ee63a4cfc97def8c64db79e984e536ebc5ebbe6f,op1
6035029ce36b570105c22c8eeda3452fef772fb1,op2
44a62d7eeb9c8aadf6efbcef3456020dfbff5352,op3
de4f197cb524ad759c7fb43a22d21f55a29a126a,op4
76782d13600e1a2c03831b2e70a0cb4c1abca992,op5
c01e43da190899d74889936bb581e86ee35bd4e5,op1
e66cbea6f36b0845c5a1ed4709408e877601fe8a,op2
33753f310a16d9352770f51befef1966689437e2,op3
ec5941823f947d967d09a5699ce2642ecf657821,op4
336b6006624bca1da043634327910e55cf059ea7,op5
b42f4369bab3d5bbbd30e5af18fc2a1d165eab41,op1
d9d07156da58672842ba72c722290cf83bbe98b0,op2
4edfb0f543b6c7592165036c37b6ad2076dc5e74,op3
e8d6fce4400a8871fec50896730a40f327c18f02,op4
b2f587544ebacd65d5600b33d98b99315172e026,op5
79fa85c6359e038d3b0b48a0a82fdefe4bea7283,op1
4d85993d4bfb247e6c6c623b1e83d6e328673315,op2
ea98ac4b7bc4ebcba5f116599042cf98deb83b7c,op3
f32d4b72c6c62387613954c307e049510880278e,op4
d47285375fc5d830a2b6b7354598372896a48b68,op5
43390d6ef07e7d8034969980d713ba90bfacbf76,op1
f94510b01690db087d935d6029b5195acf6754fc,op2
b15e20c002264b324b10cde0a2c76a7c81981d2e,op1
03ea3113a5fda5a55a8e66339aed0083b6a7c1c4,op2
f1fb5602bb20d160ca673143bea76ba89b94eadc,op3
bd5cf9e8077b328d66daf70a24634a4dd7dfd7c0,op4
755a7c14f762bbd7b97408f64d3f638362fa6804,op5
7120cccab17aa7eb6032fd09177521a4683d2d7c,op1
661d912628c11bf37018711fbd32c3775df2906f,op2
3094f44803c09f85d94e7980e699bec295ce4609,op3
e6516066bde9d50b1a7b120ae3fbb45fc2a660c0,op4
25b9705a5fab355cccf2aae35b97e013b887fcea,op5
65c9038a24e3d931bcd3327de7860b9fc2c4b1f7,op1
0c2800003d44f76f3c0da049c0f0e4180bfaa754,op2
18fd4813198ed58b9dabe3968558f7cac5053514,op3
a833852a0a466832d8426c16aba2fada91d9e703,op4
243bb22376196c369717ed353357e8b2f6ef5bf0,op5
de8e7a59bb6480499c4ca0bfcc0b23e387ee56b2,op1
5e22ff79cd6a30143cff06918efbe1024d8b174f,op2
4e219010d78633dd7470f575bee70d2d6a88e4ef,op3
5677c8b69a92157c4df6e31be8cf03da98c7c64c,op4
1bee948465248027ba9dcaf7fdcac35c17ee2740,op5
c638a2a8f40523a01a2dbe30b24aba577f1e8df8,op1
da24225a7f33e8b6294ef029500cbede49b3c46c,op2
6f9a76439493c4a703605832d34561f3d90529b0,op3
7a92c9ee1732cac2718dedb2b2310a5db4db840f,op4
a5b0d12c938559e21ac8f620cb842c7d594931f5,op5
538c58f175d8a7ca17ac74320744a552add595e2,op1
34329f3ac2fcf9bc70b24cbdb4f0d6e249aa5455,op2
ee0c3d0849b1a807d78f692724043f8b1fbad75c,op3
fb203815e36e34c09d09b648eba14d6c7bd2be9c,op4
2caf6a8ad63a4c5586054ade66aced3517751ef1,op5
f2648a984ef44f42b5ca75a2c0a4b7577d90c32e,op1
73e8ef643bb16e8a3f57b7fc0b2e293568080706,op2
90d1ef7b00c2cb4aabbf5f13df4fbbb83262152a,op3
79b9692d1eafaea63658f1ff349f9d408d53d9c4,op4
f4b724cb27d5bc627083022c7327e8f03216f36c,op5
ae3faa09320ce3dc181d8229bdddcb069c88706f,op1
0c97d67abf31497273398282a7051fd327b6300c,op2
7772a5679d4086ef8e6ca337270088ac66d7da59,op3
2bdb706a20eb7b18507a3752bd48336d66db9024,op1
4b4a231f6c2663cf51693b56485da7aa8c58bf29,op2
49aff8cbe4277d428d0c9c5b92779da442a22609,op3
105aec68830246fd9816dc0fb196e8738c376e6a,op4
229a0d38260dd00b3b0507ab235503c93efb164d,op5
fa2c13e7e22fff73c1549694b60f848b690fd710,op1
dcaa5b32fe7dab4e6b494fc0847130f58ed9d40c,op1
08d4f1807135c419d98461c84d46bb5dbff81996,op2
3d3f9980181b34f299db3d1e77aed460f92b6fe7,op3
f3b72fb3b489f87b3e06364947d066dec4dda04b,op4
e7d0ff1ffbbcc591b4501ae862d18cdf0270b922,op5
4c584ef08207eeeb283a462eb3d1bcb2bb927b55,op1
49f5fb14e08c8d34b875901209ecff78aab67cab,op2
1a417204b036e8f9d5fe61a4fc70206cde8c1476,op1
209aa34cb57c2b3ba45fa523473febc5ec05669b,op2
eca7fee94495979017144a7fa2569b95556257bf,op3
9c5d12d90f532841e3a49ae5c44c4007fdc1d54c,op4
91356bdff28868c57d82ac0adf88671948b77f5e,op5
b38dde5d68f8fbf9544cbdf6114f0699f7690954,op1
c1e569817af4c6d0de1e2860aca0443aff6e3ff6,op1
867396302529bca8636eaffce0e680eccf7d3409,op2
918623c8ee16d5a12924a953d7bfdeb73a28c8cd,op3
cbab7f82552fa8cda9a77c6b318f9365563fb434,op4
efac607e4f3017df97c6e49e592672156509b53c,op5
589aa896b5b91b0413225f80b991edbadbc76c9c,op1
c6e7fcbe162594c0de17af82359877e3fa4a7087,op2
fffd64676971f582e57abf4adc4f111deb248f29,op3
8f89080fe417edcdcac614c6e44c1a7e5d2b30b3,op4
742232aad1441747aef4c179acf93ec7d92cfab0,op5
2303bbcfb3c90f228aafb224c39c3c5f901f050c,op1
faea925d182f206b3e849ca9f10f468689c1fe50,op2
309dac8372db4a6a106125e981701ca4e2544686,op3
1de902e19bbda08f6327029c36faf88c566e7b1b,op4
3079fda12b9fd1bdcce571f93b1edddc0c1c9856,op5
a635c357b6a509567f80daf58ce9bdcc1c152363,op1
c8e423a923634638097269880b46a8db1855f6a0,op2
8ca10f1a4929e02f20f85ab1b065f90d44815d38,op3
1a1a691fcef6ed80369eb4dd37a73e0c2e0c2937,op4
1c218b1082f7b05a7eb1f250bdfcf34347ca4ea2,op5
92e277769e73c56dea9587f66c2ca9e62eadc36d,op1
89b6fae42b50ff6f0df989b8be4848eae86a3054,op2
a51e61e7e4ad11ceb85448a01f8152a674803448,op3
37085f92563441b3a8245b126f337fba93122678,op4
19514da0f1fd17234501e4813721eef73c67d996,op5
48febd79748625794fbeed836ee24abeb8a2a026,op1
cf4476f818f73e1fd05085a816520513c18df6f5,op2
52a8bb2010a0aa5b8e51618c7f967c5a837de6ce,op3
28ecb3395b1bac579885a60d3f96352061ed55ab,op4
94da40776ed2a8e84c219d64620fbdc1e2486994,op5
fe4f67d33b0e2f73b74dd76eb1562f7a8a81c839,op1
dd12cb6ba05a48108d2d5b0f97039ef3d032a164,op2
a30879752a3f82bb0cb0da6936dc7f399a0f0d22,op3
96516e2549d7d14c84715bc2fbddde2b59bf64ac,op4
291dc987ca9a9cf6f4f132f47eea9ad4dd7a55f0,op5
f743f27dff6bbfe9592d914694d11eba7f2a552c,op1
d3c12564dc707fb9aff2ccf64ba0bc00a3717ab1,op2
38a25fa1bb7cf46803046035dfd273283cbec65e,op3
275417e324f839f742cf78b06b3cb925d26360b1,op1
ae348210a5c851143f217970958c0464d04c7b25,op2
7f2da8a8bd34164ca02b2bf4bbdaef915f719dec,op3
227d7a6797e52acd6c51d685d7da55f8ccbea8b5,op4
42a10b15d488acde3095d099120cbf7296d3826c,op5
4a0f4e2aa24a31ee6b19350a116adbdb6b22dfb4,op1
bffb803ddf6239c4f22fbe7ba30dee5949e68847,op2
d1da038e317f1f36b94aa357b8eeeb7d8941b578,op3
b6ac98747e0df0f84ba062c7263eb71a8da0434e,op4
7fd852356b2dec86757adb9ba6f46d425bfb3e06,op5
d5dd25e0f3285614bb257e3aebf72ee251a6bd65,op1
55f5827df43a3d3f37cf8c50a548e5408e29e2b2,op2
482803fd136b202b4352e1302d69517b5f0fa42e,op3
02e61d80510b54219f07c05cb0ad6e64ab0438b7,op4
7127396f2bd67680d4b35cf7966d7cface72aae9,op5
0d73ad00708bff053ec43e5c02d7ec09899ba34e,op1
7794e96eb65ccd462e131bbd99ff085d93e9465a,op2
1051de682480b2e894d00b879964583d114436bb,op3
a9009c180a7d8a34b87ef068ea25cbf0ea87225a,op4
7b21e15af76ece1d052694636614752643721b1c,op5
94d8ae0d805e71c71ef7f943191e8f0f872628ad,op1
71c6ac39b0a14cf27495ad59ac6f3fa1e1f1073f,op2
9e18f73197330c9b82e31b93b3ab3092db00ee8a,op3
355f003c89dc3728849881f40e67463854820a1d,op4
6c776811038f3ea7ad6687b961ea6308e8b6ad04,op5
384cbd25a12d89ec2a4796d2f8a72037cba922b9,op1
a6f3f6c7dc6896d5a664f1062b56951b679b1077,op2
16e1d462dd3733fc4814a2751d53f1b8466513ed,op3
6d139b26ba99327cfa6b59328e1b71ac3a49b75e,op4
4dca39a491fe801d9e046ff162a491260b809c63,op5
d8398dcfcf8985f398b48474dac975dfbd307db0,op1
27f78a9787abba3416357484d874a22d61ef184e,op2
32cb77c3acaafbb8148b8676969517becdad959b,op3
724bb3f652245bc688d972a7b9855e70d033294d,op4
4e03fa7be22f8ba9ab37c8a951577382c1ce0c7c,op5
c88c098dd29d6453d9585c0a210f1987a7b12d8e,op1
5a3b8e3f992dbba88b0ffea8038cd96acc73b3c3,op2
7c9320a482033474db9c4d7c571f2a4a8a83f9b9,op3
136c92fe9875556b70759929e6dea0a59cafedea,op4
9eee4d00afe67f9d796671fe5a68826cf775fa61,op5
3f7a786a6dc4b9816501609087ede9ba308c9fe8,op1
6849bbcf772513c8b62b99369489db94b8586698,op2
32c8bd96e169d841b54ceeaaf9d42195bb5d4255,op3
70b51c4052982607bb5f8dedf3a2341d2bef8a35,op4
61cb3f7321ecebe6ec672512f6ad7fd2de563c9b,op5
e452243ce413c8d2e35ccf5f7321833451d1ca81,op1
c6b8a16d5fb2184865dc29464b76fa09998dd997,op1
88c2c18151770487230224e6aae68f092bdf7d01,op2
508e7fe2ac4806df90e6d3223b001d2e68d81902,op3
2e7912f918b066cde7d5ff0a37df1a8488cd5085,op4
0f462acfaad6c70e8727801d17a3a472d165d700,op5
c42ab4501184e5c0bced4226e4f540d5de3de424,op1
586e839ef5e2fa889901af53e27a8e561cbf631b,op2
9abadb1b3e5f63c48db54fff3f4863646045387c,op3
9bf8abf34c15433768245bba5f99f6fe40b51f23,op4
e1705a1cb339a2aeb20f49559c161aaf565b2678,op5
050f1f518b3baf15e0d8f342626aeb2b8235a4fa,op1
6392ed9a73a5e7976200afca63a79bb1639bf3c2,op2
8d02a99195cc4e11bd6fb7eaaac46679590af9f2,op3
a2b65b6ad40ef95659d0f5bd7e80d9946f103f6f,op4
3cea4677747b72ed838efc41af44056b851075c3,op5
5aa60238de003944e782df6a0d46e0597803c24f,op1
0f3a4216c361c293fd23f03d715f756326b1eca9,op2
082b5b2e5895fc4fc0663229a01ce861ebbb01b7,op3
6dcdbb46d1fa91a4891b41b177f7172f40470d4b,op4
0e9268a43cd7cd4070910136ca80a28c6d71fed8,op5
09e4516b1d353023a08b5289f7b7a53d73f49dbe,op1
c53e3fd09114032f2a22cc1148e1c30b27de14ea,op2
0b458794aec38e9d9a7076d0715e3bfd18adcd43,op3
6689b24f9dc0a946e54677f46e303f3efb6636e6,op4
749f9a4d3332781bb52b5421792b509feed7fc36,op5
037a710b37e8eb7b519edba6952964fb2d9c3b94,op1
d68f3f30aa77e580007ed40c117403351d2557ef,op2
5c740ee2e9772180e325949b152182ebac267c1d,op3
fa7cfbaccd3d67f21c65ba85cc60deda37b100c3,op4
f15c92f69aa5fc6c8c88f3dda8fc10af44a17355,op5
f3395fd184510e892d0f25f9306015d1d87b9fa0,op1
bf89c92705bd61258036205bc50aeea3482d0e3e,op2
33c55c61baf70522c11eb5cf32759f3c7dc6107b,op3
7fc1220049997e03abaaf029e7f3f44bc0a79dc9,op4
46ebe01740a25f574e5e2a1b06e93898147fe7af,op5
8b74f3a067e2d40ed2f4334a41ff048565c4d567,op1
d17f28386071d98cc8e0f07fa203a141d3ae2b7b,op1
79082abdb06578bac8704706dea88a25f184fbb1,op2
66c62c9a8b5d74b06b42c33abc92054f0e6abe17,op3
b46daec047879f31b95d5a787318206f76005847,op1
1c6528f6269c732253eed3d7fcfba8ab8e5981e4,op2
4b7e58e7b7be9d076b1d8eee5491ba2c05e67db3,op3
3dfc1c701348d02022bce21ef7f68b527758785a,op4
45310d29c9a9441e7b4d8c6c73d684ccc29b2da0,op5
1a36cad8f23525a5acfd9de5b4fed5cb984f7194,op1
3d7edfd1d27def1494bc00c18023622caaa57b00,op2
4a8619e0a513a30857585f238e88404b7a0bb0ca,op3
f035d250841731d6a40642112fa3a8afaf6171d2,op4
17ac846ea7b3152d77f7915407d59eb6dbfb3790,op5
4d25bfd60810ba15a96aa21146bb003018f578ef,op1
0debfc61b9fa8ae1cf2aac1539ea525963554d17,op2
1cc0773258549ce1348c13a5fd677c7d12aa4f05,op1
2632f1573580c8906acfb67bf96303c316a1f946,op2
4a15f467da29a2968d2a8b7a7cf3dd4174841e41,op3
8019495333e1705d0cc0a66eb0de541f507e6d1b,op4
3d03f6a91d55a09f5ae600412dfbafea82ad43b6,op5
69843c9311383326d370295587a74a3df3402c32,op1
c303442600d0d3dc636ef72f6c0efe1b957196e5,op2
fbd49bd2d1c648a73ec922ed399a5fca65d3cc5d,op3
79e68adda5b5328c91063f652043932f2a2c9cf4,op4
75df2945bb5fe4f60bd2c364645b7c7af906da4f,op5
2aa9c238dd1162034b48200c34eaa412d283af5c,op1
8de5b42d8d79ae391dde913d2bda0649322bc529,op2
4f689c4c7936c5a2f40152c04790375bedf25135,op3
2fb1e4bcafcabb8b2406656b66812279d970ed29,op4
292ef7d3cea7839445b9923516d244b107eaa95f,op5
c01f59bccad173bdbf38f268654779b52a305b65,op1
65211372b2c99f8b5a31bb5a35ff23c9fbbb5fb1,op2
38d945a1677131476a2475429d2b08404973e031,op3
a35f7943bed38c483b2b04c1995b5908069e2998,op4
7e1a7be93517de490cc69401997d743180ed1596,op5
d1ffdd2cd7cd3c8ffe18b58f676eeac22745a5e5,op1
f7b7e574d6b7ecb4cc395ae03c76524f04b50dbe,op2
6a7ebf577131c84a4e9eaf77936341f2a958f8f0,op3
eb1a12d0ea62ca85645f2d16eb4150ea8916de32,op4
2dffc03fdfb02927d76d524a334cf2a0a7aa8ed6,op5
c3296e01f8fd33da00c517f8b595f33e55f72a5a,op1
c698b4dc11b191ec9b9b619a006c2d87234eee0a,op2
68429c7aed3fc721fd8e4b0f2547df9d6fc12637,op3
ebb93563ba803702287fdda8348f5e7c470c226c,op4
cf3d00762040e053477d1afb8ab31e64b065fb42,op5
255091dd9feaeb888f46a24cfb530d37ff4817eb,op1
4fd899d4903c3b53b4cf9503e0ab55a3e94630f1,op2
a9a705bc502d600fa1886a961d12438688d0bf9a,op3
5619d3d30e0ada46a7215b403fcc802d9543bca6,op4
87ab798102b825f45445e20ded425f79026afc83,op5
1c25949f5e036366f04c65f33e082bab631e531b,op1
e5bd089741301f7e4a1dd2fa0a5841b5688cd513,op2
ce0e5af1ab9675949c291f61991d9c33638bc595,op3
d092b800629389f13043011346232c79a4f8cf43,op4
a17628191ec833eecfb0b80949b97b66ba28000f,op5
b19d267aea939f945136b224d581e73755c06fdb,op1
ff6e5abe99a614d930879b1d67279d77df720ae6,op2
8425bd0123a20f8bf8f2e1a7141b8a04cc8e364a,op3
cf1058097f3856403af6ce2be785ad1a2ab20815,op4
b19141b330859e465d50a6ec40fe06c43a717b7d,op5
b5de816ea880b66736ed7fe9938db90adf54c158,op1
e4dc091132202331150bf0f56baae94c5bdf4541,op2
627f291ee6cae755e449ae1ef5ef49de75255313,op3
c400289c4313a08e5f82f5dfd08ba0efe7d090e2,op4
654c6d1e7dd4d010c1dd697362c5286023fa8e04,op5
d28bb2275ce88691e4a19825789cbe117a848a09,op1
f5f9acaaf494cf332926c003954c0b00b2d3a7d6,op2
d44673c3bd1aba559500560205f7fc54508cca1c,op3
e6c11f0f47bd07c04afc7919269b7ad85e0f7647,op4
5b6633687cb2d550e4de0c2fd484d006bfa01f8a,op5
2ec24fd80d646e4acf449b456c09ff5aafbfded4,op1
79a7ab3fc5df6a9a4fc13a7a3bf7279fea423288,op2
0425c24fd4b61890fa764a291cf185892fff1a66,op3
f8ec25f598e8264ddcfb20c70371d0a100018562,op4
bf8deaf32dc0b905be74483a5efab610008afb21,op5
515333b5d7227b377ad6b7083364d52b82111f6b,op1
23eea4079e4bafd273bb73585aa9a384f097172c,op2
b384caa45f5e499e7670baf832d55e7ce01ae961,op3
c9823497d5537bc838fb95949e9f96d39a3dd0f5,op4
76e60a881733ff25f413acf3812252f6cb82eadc,op5
037ee539cbd38c2910eeb05ba4f729020dfb649d,op1
b2aa1086221939d5db98502ab885f613020bba24,op2
276a24d3ae54c83d532a205c8ad0e84f136704e1,op3
667ac9565aff9bf23c041372c4b5ad43c03a799b,op4
de5cb16458111674cce69f53bff29100bd1e884a,op5
d3bc6a545c4f48aad4c14ee9dbd53cd18bb3f793,op1
0725623fc8ba459b275206472b91c58e251eb9fc,op2
dde0355a31250df555661f9535ad47a4824ec18e,op3
4ca2ebcbdf38890843b86d2ae718d1e7aec001d3,op4
2a398027e3ce1f367c122f9647b83a3badfe6fcd,op5
ecf5534daf22a8728ba24462bd3cae788cb2dd9c,op1
4dda0903800803c790254cdba4acd182d2ec5781,op2
55cc03010a484ac997cbc61a72c46c0fe5c809bb,op3
dca69c97073aaad5c6af6832002e611945a3bfd3,op4
5b45ab67502d272898a9a286bdc2bdc073a97be7,op5
988a202ed3338bb074bea919713b3a2f10c17917,op1
53d10f6731a36346ddd0d149e95989fb5307938e,op2
7d475a30becf5a181122b2eef3f5da2f97f215b1,op3
54f7be5eb504df53fb59ad9ec563b1f21cc1450e,op4
b022de9db824438e46566eb8ab05cecde4df9846,op5
6b5c0f7502d940d6b2eb0db2ddc46ee8f75290a7,op1
adb85fe6a33f3ff5be11c3891a4d12e02f391905,op2
64570f3462f7a2242daf6b8e423b14521219d896,op3
607845d5f9d9f2b065d15dae1e7cd9564b8aea83,op4
075cfdffb6e57693ebb46c72bafa7bdbe23bc967,op5
572d6b43ea42418517610bfb77e56942d14f76cc,op1
ef9eaff9d08bd94f3486145f14b97d290abf32e6,op2
eff09652763c0df82738aad83ac8abea66fd25cf,op3
e1263afbd2e4ccbdaeff2fd13a5fe16efdf4b194,op4
c9a1d0a2fed689409f0a3730010bc20e7dd8418a,op5
7c204fa399af767bfbd5dd9641ca2a494e18b0b8,op1
8447c6c33e8785f7e73bfefe53ae091e9af97efc,op2
9a3ffe56e500c21bf620789714e6f7bc628936eb,op3
0009162518421f8d3361a69044cd578b6e8add4c,op4
47ff0a4b474b7a9edf577d99ebf5ad0e81ab3831,op5
c06fddff516150196ccd6ca2c8378e9456f354cc,op1
1c2f392e71e0b5a767ddec25f77ab58c195f7261,op2
e97aa4c8a4836ccfc4c878ff09e3e4f2ef26c57e,op3
02166774b898db96406739de622dc5f56df853a7,op4
0c0a12aa841b70dbe0e28481e53f3fe5d92310e0,op5
93148e7e67cb4f46f052aa763e7bfcbd4946e307,op1
894c290cf3547aea093cd09a81e22f0237799f19,op2
f6e1d57fb0df112021b6289e58eff4a4fd07cfe2,op3
06cc7ca7c69a7f79d5df8b784f0933cca00e9d58,op4
cf3fecc961b5357e41ce2ff5374a611430f2e3a6,op5
0b6aee0fd59942e6e26a291df078bb16cfdc37bf,op1
883c63ba1cef4d47a958bdd3ed4819619fe65896,op2
16e60f079233f0040c9e2a5040016afe46a88135,op3
a9db51a8c969528433b31de982578cbdae3030ec,op4
0078eef20d6f9a96d1a43440b6bea0fdc178718a,op5
528b1941cf22dff7fb47a80cf28ed7bde5922f82,op1
c9485f8cbbdf7d31f85b4ed0ed0fb1d57e5d1d95,op2
0401c05df58c59ccae2939fab0a489bc2b749ffc,op3
57d1190a44b1a4fccd16494e69359273ead32168,op4
b89516740481cab387479f565cd23b0b8039b00f,op5
7b281a38d7823dccc563fdf04c813167bf924a80,op1
9620fa044ac8bf2bdbfa1fcd714df50bd0069c6f,op2
2dff3b1f126bdefeed873b610e93e32b0aaa1729,op3
01540aa17985cbea23d53cca6009be3a6dc9cbe2,op4
0e0a5e0450bc45b005e0cb646543614f4a527ae5,op5
e1b0f787ea0642c177fa7828a6368f19a3e1b006,op1
c9a576128ccb8911837f6233423fb21a64a6e721,op2
a5fb3ce29724534e09905739c394373db77446b9,op3
a6f75e5da481d8da3265bcc74a230a9a0ba0de2d,op4
28d82c344f79e88063432aaa35fe8fff301a4831,op5
4c3336d263853a25086beda3f1ff097b9eb3db53,op1
a521c7e48af7c67560168ed4c594cb6339ca7d77,op2
786ccbb4debb15d47dfb0d406e7266ac86703c04,op3
4b4cafdb20002633ce3662ab82785540c0cf79ec,op4
a86a8acb229ff09ff7abe5ffa74580fed7074a90,op5
ccfa1bc3d4a0436c9314fc89b1456e664256567a,op1
38d94321141d3c5afc74a85ec7cc26f63a2181b1,op2
d1b6658fb33a8e7d5a84a22b052825961f1e6dee,op3
d368923a70bac534294135112f5deb3e6acd4c05,op4
c1e831d99f50c0da50679007092243f463a636e1,op5
348dd212bf01a96fc533394c0e378ac353669e89,op1
e1d44c788a4ce2de9f0a3edc22cbfaf9a6e42574,op2
12a39daf4fb7818da5b5a45b3f6d7e88e343a1c5,op3
845d15ded3fab19939c1274e67697ee9a75323c0,op4
d4cc32d8d4e08a7bcad48a1abc1bf1c9355bd8bc,op5
df45acf86ab1ed7732978e1e00726d5f177d9d4e,op1
749837e31503bf36264418d42fecb1854bacb2d8,op2
4a5f96b3509516e2489648c8d5b89365ba238a1e,op3
a3575a116dfd9b5e75e9bf503f1a0b53918c69d8,op4
c60cd91c0b0121037b8e699715e2d78e62963ff5,op5
61655ae88ae39a1c6969f02fe911e21d94554541,op1
2017d2e5e706a40e001ac3a53d50039e2ed3d37e,op2
0847638abb11258756f7a81aeedeb7d2cca45f4a,op3
6f26a4bb9a4ae9db08a17cadc4b1029cad735054,op4
0d0029f3e0759f7d2b46a48dd0f5a5142b47c99d,op5
26757c9780d48f04932f09490344c1dc7c51d289,op1
7b3b371b8405eef6ce2d4a3e119a34e353cd8445,op2
35494f92f4a9ca5868b2d73139562db810479d22,op3
a5ceb8a4978d86501c2b731bdb658acd6991deb1,op4
b6f01fc184c7178d474119ab0c96bfc2407a95a3,op5
7a7365b4e56c7709f5b87306ed9628a8334f3d92,op1
243fd5b329b9bff099f0fb618777ac4f07175867,op2
693dbc2f9af753033aaddfe2519358f0e45789d8,op3
cbf074a76a533c0ee51332ee3ec273050f4af54e,op4
4ef1512b03b9e9b7c82a072fdcd01763e92e4836,op5
ae056aebbbb42085b5e5e836dc876ecf5b3aec6f,op1
09d3f2f0cc3981334d23571e1b1fcb31263d8080,op2
b880785210ed153ea7a1a11f2c8ac4d48f4c1d4e,op3
20016dd92dd5223ff0a0b496725a2ab11aa3d88f,op4
bfa223d385bb68859e528517b738fd78df65af64,op5
cfef5301eee2c5ce426386d5e646c9bc0227194d,op1
acf11165f761aecef4fba86ffbca1709890d1070,op2
f4564a72d81cfd9433858acdb567a09bd8cbe148,op3
3852f14a7e7f0821394c056711d810483562c9dd,op4
60e67bc6ecf7527445f44f2300b1afa93869cf0f,op5
6062a5af276fc75ad5d0b574e2716f555e7543d7,op1
22b109ec13c47691bfaa36fc1fa4e2ea55bd218e,op2
c1c4efe030cbcbdcc4db27025c8bbd591fb90949,op3
3aa2e15c4123d8c19d3a53ba3cb7e042ea42a777,op4
be5c75a9c47ae5d0eb981560e6867bc93ea60d98,op5
6fa7df340ffe84f2a40f58348921c64cf3b70bf7,op1
f8b1406cdba7fac0e8e78f23ae3423fee5c97679,op2
996ac9200df1a983728aba58050c21623c82c42d,op3
259bbf4df0b5cd89b1066243387f8eaba3b40c63,op4
d829d07eaa78cf33706d249dac35968741040250,op5
7b640739b026e69ad56e2ab447176cceb83586a8,op1
df4d79459cae26a8337422d8a33e0cd153ebd81c,op2
cb8500e9dd2023829331faa373b6fcb7ca88aef1,op3
6eb3d425c77dcbf1b96f2070ad2baa88743c43f4,op4
9ffb8c0c7a30f9e11fd562674aa5b49de924bb78,op5
4d6c255b658ace22ba22c86e4953e37591a40991,op1
41287215d3fe99620bf648ba5ad3e70c50bdee13,op2
8e7308c75ab810b2edb903da26e57b14b524c211,op3
802c2105ce7042f6ea5849846744967574389cc5,op4
15c3fcc198fd53dd695a7dbd05114e17a953849b,op5
b4eb49a4fb51863ab2d13d225132f64839c556de,op1
33344aaf041bb650112be2701c65f3f6d214d234,op2
f28d40e064b0aa7009ce5b324209765af3f9b89b,op3
c5ef4c134fc43e190b6fd29fd0e44ef4d461107a,op4
e2a7d1f217b80959a889151f6106e06d680e102f,op5
8a067e86c9fe0e1feb1c3733015626629432d902,op1
f18504de7f1ed88556d293394d72febd7a5cbb09,op2
7ee20e824c82c8a5411856989aba7a3a2314faec,op3
f2643e5d7516f15d2a166ad57dee143c3a5e8df1,op4
bd09143dee533c792025930b1d0e628483959011,op5
6bfca089df8ce3eb153f817dbef8e9d04e6b67c0,op1
2cef1a81d7ed9c51fcfc7953a0aee995933fb32b,op2
8bacbe3ca6e666000b6157853f4363e3c3724d0e,op3
6c459a1d0c35aa4dc1d4cea7a9c3b08b62aee95a,op4
7687ca5a095e461bd18230050583b45d88eb0588,op5
15d8d9a70ace61a5456221e6c5c5668a894afec2,op1
a20040cbe17eaf64c170f85f06a9a5c4b049bb75,op2
64816e0c33e0cd0845ec26599af905c704407d95,op3
6bfe97cd21cf8f154f7b5b40b06edef5f721a89d,op4
51dca46bf82a5d2a5f503d5437c6800e3e8d1ade,op5
75d8e12419e9bb12c047884be16f511433c64d79,op1
dc249341da663129fe1a6bef79f3009a2c4ff667,op2
3c72eb0c54adaa1208d974156f2f44071ce816de,op3
93d331fcad53daab926052db6e86fa377ce5ce92,op4
ad965e66f84983f37cbf5ae2363f2d3ae6b111d1,op5
73274c8c2e4fc5a6aaa6d27114b85c5ccb8440e9,op1
eae82581a416c766dd59c276995617aa8d76c21c,op2
ffd489b9870b46c00ab51c2403e3d059b81d6712,op3
d9223e78f5e1d58e068250f78f15511776e2cdfd,op4
6b717402abfddef1e9c99990f8b286b9bb96a9e3,op5
e03cb5fdd7da9d6405a3123e044db4e3653e421e,op1
b9f7afae1ac81acd60e33b51af82f2d7d0b0ad78,op2
65333145d85c3d70f7884ea94a4e72eced6ebf0a,op3
aeee05cad10cb5c5a639d62ce3280e56c44111b0,op4
fad86f6f7fb2567f1188cbfc5620e6acfa344c17,op5
23595b52ab7dbacb2f681779150e12d2de43b919,op1
958c03c84163a6ddc3fdee0bfa6d0e7a1e1a37ea,op2
fb7daa4ca3a0d432611216b688f5358d6cd6e450,op3
0006922dc8f507bad2cbabe8b25228265c3dfeda,op4
e1a2a781887b85c640cca8ae0c6633a1d35c7047,op5
62670e5349b649f46b8e1c00da9027205ff42c66,op1
c56d7e8e145b722246de4ced8eb1b951d7c72979,op2
a8a34a3abb18c4a12e63f9fef6f0d6dcb6a888a7,op3
f1775e191ecb00a1ab01271bda5fb2c074c5ff67,op4
70c4c581f5d8e554824a7c0179d1a3fd77fa9bcf,op5
6b3003bc2caec5cff3950920e2c6b53e883e9d67,op1
38b58ff1eefff4b23e913e59206c4feba2441cdc,op2
d75c4fe215d9f9ac91241e7cb48d49e4af50bf5f,op3
8e49fdbed644ee9aecf480ba915424b3fe12b539,op4
fca0f2f5579aa7db558b6745fea5cc584a6eb011,op5
fe05dfc9715155616b7f5462292fbdd1da49c46e,op1
81aaf6c72ef992c11eb7fbed3697865c1310f053,op2
771b64d7a41f7ab900f49d43537fcf712da3a7cb,op3
1a9e51fc1f4abfe5e3047b2aced240b5dad21595,op4
486cb9d33fd23b12e7582eb5518205d06ddd42d0,op5
767bb3edfe379a7fea524e0d4e217e92c4cea10d,op1
56350cb9a3e3f18a80359bb385bb7accad02a6b5,op2
298c848b272e9e1c5990a2ed4174fa3b511ae80c,op3
a4c33f4088a5549fc69404dff631c512601756d2,op4
5828e88bc23ab6034d1d6b41d2cdb070f26b75a8,op5
487aa1f8d7bdd2fdee3a136ab71b599bb8fda588,op1
2083707d75ae1df0c2d3bf785d5a6564ccd5d4d5,op2
cfcfda5b457c2aa76b84406aeea71b72278a5dfe,op3
f0b8c9f10dce66cad7dcffe7297512bea6d53c27,op4
527ad754a97f8349d3374ff48e28f57f50413c5c,op5
80b0bc19fb22975238da1700dd2a2b30894e0c9c,op1
a529ea758b4a173c4e7d3ea503cdb3be84c39c68,op2
fda039654823d44438ebdd5b8841f542d933da6e,op3
2b63bfb6c77c4b697c1a89d6da67da58004814dc,op4
bc69b262d6007bea16bead2aa402f11d30c12a2e,op5
3f6eae75bd3eed4009f3f161fe7684f948513a21,op1
d6c3224ad53327831fb07ee5fe16f77a8c93e84f,op2
39f36339f1072229e24b39df9b749b26674a3990,op3
b80781a5da61cb6167f091e94eba820abc8af258,op4
c49792c57fe16cee0762262e2b88cc0f1d14464a,op5
582273ecbedd681710c8104f64733507020e2a92,op1
6d3a2604d5e944bc21bfc54efba946b7f935b7cf,op2
a6a64b51bce2c95f8ac64ecbade342e271aba70a,op3
b9edc55209fb92ddc9683ae589c49285a6246d9d,op4
08b12396ea7807307069f82be061ab71c445cdc8,op5
ae29ba25e7e289f06aec79452cae3e463b732f7b,op1
fc4eea796cb2bfa2adf0b97ebf9fadb3d2092480,op2
1e2fc4aba16057662846b9492291e29ab9428557,op3
5938d48d22260f3994d8ece05f9e85f9ac7c42c6,op4
64bc05f4ccbaf257f9fbe434ad072ad216c9e480,op5
d395825c2b88826590cf7a0e07af95a1412d29ab,op1
042d465b5df2c08f1b197bc8020f3fbdda791d8e,op2
1e1d92b9177da1985c8f4904dee105f6e2254a9e,op3
4a8f631d7ffa2fc0fe9ccf436c4714450550af32,op4
6e7356f27daf45f27787341b932bfc6973368ca2,op5
6e94d94c59c319178ddceaee17aa26c41b8b365f,op1
16104e64f6e5e70c915c6c7de4830d48e7deab89,op2
77e9d651475ad5781d7a2d293da4091a975c7355,op3
df187b8792faccd553e8559019d5946e7fb1d2e7,op4
039cbe8e70233ff62a815fc42c40166748dd6195,op5
310472a3a48ade66e0d083b1ee01fd47773c89f0,op1
879c5fa0678da6f75e6e77c565e8f4c4985abe05,op2
1fd89c1253ff0779b653245eec2126a200fb8199,op3
b0561660c9ecac52febf4534e004d22b66fe8bb9,op4
f72ff051c30bb681fb140d6bee88d4c4832591ca,op5
49c06f9d2040f032ae6d0f5205901af9f2175b9f,op1
a913081895228a5887a57e14e9c802f8369b918d,op2
7014d9132e1f9d6feb749d70ef2f5a035c292713,op3
459cda338d46bba2cb1a1c1816bdbcd23abcd3a6,op4
ba323955c3992bd78722d49f27a651b1640e6932,op5
44652bb9a70f4cbdbba5ad4998d9ed4e44b043b6,op1
8b269d9cf5ea837a953da15e38dfd83cf22da19d,op2
9657eb8d8d92ab659641deb2b2a43267493eba08,op3
f81942eb659ab3d3c5a7ddc5730338616cdee36e,op4
3e3ea01712e8272962dbe7490375594b0d4f7dd0,op5
3b62f1337cf5246f56086d8b477fc43170d5f3c7,op1
ae72a2635dea39a657377e91409dd0a17a3eaf74,op2
7c2f4cd993adcb6a8cc4e1366413c53e087c1c47,op3
17822fb804b2770a3793591b5cf310ee29ad5bf1,op4
530a98f331aaa05138774a22a7ecc90bf73f107c,op5
903261602bd038ea9431085256787b5f4290d3ff,op1
7fa0baf267d47f2c7453f2a3fe1636d1695dbea8,op2
d0c98a73c585f1dfe91dec9b4b7e6e4d360a7e24,op3
234a0e178e0b296755891c4cf567ee54ed819584,op4
8e936dca5f05caebd45b85da5c8a16a9cdd1c76a,op5
3f9f18a0f869c07ee1bb657cc55915bc6d409990,op1
d197e350fb2678d87d04fd529299970ea10784e0,op2
afc6a2af4f260170b1000e6531db977b5cf57e02,op3
d23c9ec5cad71f866756b10419272fa121f4fbab,op4
a5960a1434119113b4774edc544cdf69cb535c67,op5
aa4935282b153baea9fbba7d0b43f5dd3e57d514,op1
d2fe1146d3942c2b02ced7ef50814de3d3f93263,op2
2ae45ac736b5654a1436c6244f2f93c9394343cc,op3
93c9f4285335ab77fb5e14654f4fc536f94a139e,op4
29194d5d67d933850117d521354de557004de34e,op5
345375fbd07f15e73ef3a4db6ac9d7d1a37136d1,op1
9ca1a7338a933627b15511193afcb55a96375b3d,op2
4aee8dbbfdbe4850b2aed84bb7893dd404146a6d,op3
d409e78aab9c76fd859e9e9ef6cfd816ae89f621,op4
0d0813fd45c12882b5be7758999455c8586989bc,op5
af5355c656399d69a478b4cd2bf7fd1e6ca02a1c,op1
9feef0bb46725e2abc6f78f75a4c7b1121bd0718,op2
a5c8fbbb419c098bbce83e0f9db04fa38bd8959e,op3
64fef96fb4216f0535011c8ef2e1e5ee493201f9,op4
f6ab55fc1f4f0ff6b4b74c76ad04a662c3cade14,op5
16bf4fa668c778c17ca1904829af6a6298d86162,op1
e0b8ec9e2c6ff905a8d1d99cbc9fa373dbfc655f,op2
139fc8af8f27b5629b9e191582d47ae37d84d49d,op3
b70383dfd7a0c444d10e6c0a7034ab9b2f7f8bc6,op4
49fc0ac72323ae7f60519ee842da037a52d30afd,op5
957d5d2e352891044797cf090ace31ef10dbb4fc,op1
443dc8ba6c42ea43a1e285edec328900dc69a2a5,op2
5fa089db84ed94b57f8c4278d3e8dc28b7d1833a,op3
44a53adafd673b6de5907e74e4b4c4ede6acbfac,op4
f8a1a8ccffdb0497143f72c43025236909bfa133,op5
d3e2b317740be73cb6c46ccc69126ffe9e347da8,op1
5ddae961b98fc6c42af5f44a16c03dd96956432b,op2
191c6f28d9975a7bada948626e51f5e7a21eaf15,op3
8706e8b4e66193697c63e0763547f585ddebc4db,op4
8547c713463fb682657b11d9a6d7b85ead764bf0,op5
c2869fc2d2df3e36c8daf6d8d0b8bf8595f649d9,op1
9f64f4828bef600fbc043ed085c46a99a8031dcf,op2
c6b0714afc42f7295b509c272d9195b1b1f390ed,op3
639742ce57f48aa7e7389d20c2904aa487330bde,op4
239554fe044f46eb77e106404b8165af6bc904e6,op5
95ed2bc96c286016437a9819833fa7561b386fc2,op1
4e6ea59b7ba79157d3a581355b37e846b0a7a257,op2
2ae47dce45b12b7005509bc5bad01cbda8d4a005,op3
28d9730c0fa66a1d3363554ca92d43affa6c82ba,op4
b03f22f87e2d5bc0acd3541d9e1fe69b767a8387,op5
0e0df48bf71e46772cc0509d46243c91995347fe,op1
40e11ac35f9953ae0d6478e22ede313e4df7de5b,op2
4becb203444611fc0b99857190346707adc98bde,op3
f02211f48ff3297634fcc14ab432c0f64d92867b,op4
950e13122e85fd1c0d9a1824deec886f35804a05,op5
f8d9f70cf74c9158a3d655a326fc1dbc765560c2,op1
17e158609cc22250f56a8be6351919d5aea2ef05,op2
4b1339d582edd3866894c693a6dcf44e7a444851,op3
d5de8ec5e235cd81c7f871823d3975fa5450ee45,op4
68739b3bde374677504c335f121533a7a2ade149,op5
616ef9d441546d25f54a0419e399a1973da59163,op1
39b9034fb3f1e44e7d9b8c0e1b0b679205f08336,op2
f530484d5b23f1775aeb79f45d80974d855a4535,op3
924f61d6ab55ce5e2df958c2f1ec97d04e619b83,op4
78eab18751d6a4c1249b642ca7d747bc7d44ee92,op5
dcff6ab3ad7ef46b3f030dc11a8ff31fdf61303f,op1
2aaee9837aa47fc94e66a61aee42d86d90352b03,op2
b06245407ca8a09fad03ea05ab7ca566bd089f44,op3
d7443962bd5f0f47dc7fc7b65ec7a2d10e3845fc,op4
f6d3c8bea705d1c2bff2555d580f39cbb2429669,op5
80b7780e62f0e8205c88aa159b246b3207657b8c,op1
92c6f0f69b8e6b00f6f0fd3e23f2b991937c4d67,op2
81ae23710cfe37345fd7e473c45b034fb3c4c1e7,op3
361814da5dc71b94cc70bb03a0248e023962702e,op4
58ffc491e3b74382c8e4e113dd53d86c2fd9e5e6,op5
fc7265667eb2e9044b85c5dcc01ac410274660c9,op1
abfd5ffa84862631040944492b48644c90c80188,op2
a7aed36f06c806c166c5784b1a4d7d7f388894dd,op3
915ea324dee347a79127fc703c50c109604c6a4c,op4
13ec556f1c0e45efaef8a8895c6721d985bf043e,op5
f999090391e3cdd5cdf6deb78c8922949cc3d9e7,op1
b01c34f0de9a5603393133115ebdc3bf11943e7c,op2
9fd1fd331e851c6312742201139096b90413e188,op3
b2c5fe9ec518843c42a74142e789f63440a3ad8d,op4
06fc4f3aefb907511a8cbb96f3967ef12df73ad0,op5
078b3d0f0420f2e84cfc1c7f5ee768ef63dc4c84,op1
706070d9bfe4518e37c4c2d7f8132d37fd578699,op2
e4e99f11d6cfe3e283388a1fd8a8cbd6c0ec5b15,op3
81d0fd6347bdc4b97ae881d6371ba703136bda0f,op4
0ec5a7dd679773c75123fe24ad8317b2c5c1b940,op5
df274c48efd4e877b8674a843bb4e176007d79ff,op1
262f6344c393ec4df8073345bfe83157039081d3,op2
3e15545ac54e358f93f1c9e0059ddefbeb066b66,op3
a3e61cc60dc4a0a1dfda2d662666c585b5150ce4,op4
52450b7077b84ecdf8c1df4bd9e373028cbaf8b9,op5
e9964ea69df1dd2d7c9d55440b9d1cb2d0b9999d,op1
77b01e4112b690b1ff7fbeca6a60a3f1374868d9,op2
d2ea01e243092a4c2b6655227d8d8c2c09d3e7bc,op3
ca65662a66bc2523e30c7c819b839662689af205,op4
11f22fdf0f1513cec8104b7ee3820f73d1cf0db2,op5
1c99b74ddc8bd01c1c18b4b0baa8619521c5a896,op1
965102b4c48f216a56c575d4865a9dabbc4ff8a4,op2
f72ba1d91fa2e32371eed5f0b97627abb6a9c158,op3
40d523f728e6aa7158ce8ea0a2eb1ef29c5ed18a,op4
9c60abf7265bfd17819630d857af28f5e95bcf61,op5
8531abb7ce8987f0180090d20ae34c269cd9d777,op1
a4d37a89e23443297b8de4c27cb4ccaa620512d2,op2
607151f473175fa6b26c3164a8607a86a9df01db,op3
84982afa9b819d89842c82fd78839ed406950c2d,op4
eb6136ec834c12ba682989e9eaa50093060bcdf8,op5
de441a5bcb98352b7736cfe9708a95e9c27d0980,op1
37341321012c26981116233bff7d3f4b3af660b3,op2
5c27d95aba811919b7abe8947a95b4e8085ada66,op3
5f72cc56b80ab176f2098065a6a5874a90143048,op4
3a49cabda6dcf7b1e2ad2ff69137f2f153bc56cc,op5
769e4f6b3534b43ccfd4166ca9750ed2dce6af12,op1
1bf3cee5341895b72487b10842ff463dcfb839e9,op2
ecf3f3ee36a735825353ce3472d907ec56c86a67,op3
2a414eb54b9b26c88f994b23b0c4b49d660fb8c9,op4
d6781b1385d76a0eb8ba383b2746433fa4bb3de0,op5
22e1e6f2e7d91098771c68f1296335e4beb90067,op1
45e2d0aa70f1bad47a0f7c5c7dcbeb44f276e037,op2
aab069146c93040ad229b83b86e84c766540e80a,op3
5035e5a9ae73889bfde22b4e2a1073c50d075fc5,op4
de76995ae513a4a0e6e844269062edb3b872a572,op5
ab2c16d418050f4ad14adcd8c467ce5fa526e6cf,op1
e1ab42eafb13180fde9c58f47c7d243b6101d530,op2
cbab81b6707d28872e16ec356349c3fb1101d8ff,op3
8b34a297010b1321f9b14677a2e116fe14417e72,op4
6de6c274c5b78020e2e95caad23434f202bcb472,op5
32e61cb4cf98b63a8b1e24c5f415a206687730ad,op1
d6ad33387e085708b199ba54dfc0f5842bc12e37,op2
6b20fe31226fe0faa1f0f5bab50cbaa8e0498e01,op3
0a374833d89ed792e448555e66d1f58041344126,op4
4c3c022c5a02042563d559248957fc14e4564a51,op5
1049057dc02f5cda3c7ab6610a88cf9f19bb1804,op1
76d36987694a2b44c3d61008de8277451f8f280c,op2
4d00980b53be5d026532e8cb5d97226ed389f693,op3
042b67e17972aed0f62a0cd66955a9c1e749bf1b,op4
c457582872c8f3bc4534935fca107e2792f1dbfe,op5
4a441f243e238741f894bf294e47a4e68777dc6f,op1
8002e466e25253858f528d5dc423c2f5b5227ec9,op2
c377e9ea0d2c5e6aeb7a2d6913f37439867e82b3,op3
8d0e5e627f191bb59dcdef5b28ac2550b64d2d33,op4
a67ad3cc7ae46c27d08e06980b2ef4034cedae81,op5
2ad2d63958d7241c570d8a0c5a44a0737f4bd96b,op1
52583077986aa1d781a44ada1199d4c5ea2cb05c,op2
a6ad2197c5d137df19c2512127792ac9329efa83,op3
d8cccbc2ef148289e24288998b8769fe5bc13cc6,op4
55e3fe8f23b081162fafa7d426794255186dad9a,op5
602221144f545ef0ab4f33c807d815d8c4fce5af,op1
fd767463b9da1ca19609b9535bca69a8552c1380,op2
e99cc9864716e017481eb8f3cc7cd94585146357,op3
fb577bd69dc6933b069bd1902cb24233c2571cf7,op4
b3c1907393b61ebb460dd0da83bd077de352b97e,op5
f3dd85e4aae5f3937e371009442c23aeb219cc9c,op1
890b4db42d6657555caa5dfcab7c1cbded851a95,op2
dc1c309e6e2997b3438f6cf5cf9fa810d48a9ef2,op3
c00182ef66f12428c47328d6a2891822eaefa8e8,op4
9165ad82978f5d1cb1a413b1ae8e22a834fd01a1,op5
ceb237b44ba87873cb88942c18687986a24dd1ec,op1
24d6e3bebc006f6c1ad4f5e797a1532ef8070e99,op2
34f900aa7b0d6c56c4d0a2ac451b9305f3c6b6ee,op3
a92716709581d1373119024c02b68f932fb03da8,op4
9b4f99830b171ae842ae8ee1d0100b2412e0f14f,op5
ea54b4218117f5395688fdefe4ee0df5bd33c5bf,op1
5ad976646731de287873575c45f74af4d9305b28,op2
9b4d3274a2d6e7b5492cc5dbdab893042cdbecb0,op3
d27d5825fa2b92da57158b31130a260e7d58b382,op4
1cab29961e0095c1594d717e16fdbbc08cf38409,op5
32ed5d8b44c859dd09574c86f35a8a595c4a070c,op1
2f075ea7fb07287766b5bd0e38ac4f94e76f14e0,op2
5dec3123eae56b81157323f3e176d3c3c3c978eb,op3
0b239a590b86c35b5df056b294e9a1116ee742a6,op4
7cdf8d1ad3f0c202096f8c032e33d42020c3f5df,op5
89a6a51f795391f77cde229e1796045ccf978635,op1
da24b8193f20407395ca77455354be52b0c9aeda,op2
d8fe9c30326627a91d147ada887adbdcebc0c165,op3
56576dd4f96f18655e78c944480431e8c5e8b082,op4
1a3b9cf9c0a0357a3b2d775012727de594ed04e1,op5
cc390fb85824685cb65254c33082ec87b2b61bfc,op1
b477c93ca41e77b22368ac9c7134a3ef21027724,op2
26f655c698c5bf9455402b7dc5ba22536cd3573b,op3
66eee96d4a670d561fb8c498cd2f19cc89d38a3c,op4
fef05f7f8f1c6e1e4c4bac6c9b654e0d21130244,op5
e2d33e5d66ae2dd2317296e04cf292630b2d6ee4,op1
66d178bcd84d2cdb7741617c6ebedc2b6a4c9060,op2
22b948b58d20c93fb024a903d31cddd5bd783cf9,op3
83a051d41fe8d37aafd2c1672977dafc3702eef7,op4
cb8019aa22a12eaca39f5f73426dba871e1659a9,op5
bbd1290cfaeb936cd1a7db0ba0d1b54a500120a6,op1
2c46827f78fc9b045a6e08f55ae36c4d7bc4a9f9,op2
7788ac9e2e397363d9d38210a6c040c3bd329b54,op3
f2309bbf9646c83b9d902f5fc56872fda26bb6f0,op4
0cb01b8850f04e2c7bcaf30f809aded1b6cf4c2a,op5
fb5c27de1498db7b1092cda29d32eba9a26fab67,op1
49ca96e92c2c6163d05d0e1ab6597b39c02bbff9,op2
f80a9bcb6927d09c1289f36d7010bb8f00ba5683,op3
d31622eb8ce866d677dafdc07eec34a070b3d0a3,op4
51f45816c7ca3938e349ab82abc968b0dd14e266,op5
f48539efdb805986baf580d0035e534abe3b0b7d,op1
dfbc2ec0e0b36ee9f86bb2ee5d3c83fa2f3247d5,op2
4e131684d7cd40f0dedcc39701d972ccf5157a59,op3
ce3b984d42978403f2d3ae358f85718ffb366c72,op4
2c3274d985def0f3783306b7efbeafa220fdac10,op5
b746bd54ae2d0bebbfd349457339d3a6ae8381ee,op1
fbf0f73402c05ca3511d4ca9812d72292596f0e6,op2
eb88d5be26ed0d964ec18ab4b478bd89145f26bc,op3
8638a84abccd1b66f869dcfbc30da5a70b26fb36,op4
f048f0ab21df079ec8ca4a8c6f6b3b00ab9bde9e,op5
2345762d68917e813c40e0bf0d58adb2c12dd88b,op1
9250d18e4b7a9111e68754c1b82419a466f30c6f,op2
8cce1fb473bd83c122504f7c014f4c8cff18028b,op3
ffb5844b92f4ee6440c559e0ca5c2a4696bd66ca,op4
c8e4582b7c0d23e9287b6bed230859ef686f820f,op5
ea7486b743a8473f21e04d0f263a4304d5799930,op1
314551be75f321b00ed0e3cca3bbbcdfd5230ee5,op2
24949bbd9021b41bb967e08e695f1b06ad8e7a44,op3
67479c0105d6293469caf363d12b8c5abb8c2a8d,op4
b56abba2bff1fb9d1d6dc1af9cc43e4a2c3f9f92,op5
17f7e662ae1c5b5ef42ff09e03db314aeebcad21,op1
c7f634f9e8f35ed6938bdb52733d90e14bfc33b2,op2
e7d66b2feb598ac3ea656303846dbca8b0246997,op3
b01462d73c9cb0ee95b267e3f86632aff8dec8d8,op4
f3f6cf9bdb98f1a167445704a025ea4ed543b43b,op5
fe4dcf5860b94061f18740d13b7a0077a1fdfc17,op1
7b71b06415285831c0486941d9150abf539510b7,op2
3f746e82b9152e9bb667942bed0d4f22fa4e56da,op3
93a08246ca0df9835e3919cd24bff64f4453d803,op4
0fab26e4505b5f0350ad598fa5ddf4726f1bb231,op5
9965f9c70b801c87e7919e0ae6552b38804708bc,op1
e6e3c265462019a029db5aabd059adf6c52f6167,op2
49a2308ae081acb9cabba2ea24a9a405a147b1cd,op3
e988bee9b296c0aded205f32f1a7d6d22b32a1be,op4
06dd26278fcea2f0e2b4cd89732ec15f5d72430d,op5
c8ee59d4e9bb6d422a26d53cc75b4c4992971951,op1
e031bbdb4c0447dc9a8c17a5a73b2ad787793484,op2
850ae782f101a768d730b2be28191756f9c021f9,op3
2868693b1a57a0164ab87e901ddd5c98982d09cb,op4
1bb496a11af10a03740d7a5df06da21551f41106,op5
04e214d9ca42f5c853d26d63b3211bc8599a56d3,op1
539ec2642ff624e3ed1d9fc382589989d44f8f2d,op2
0f95329fb63f2408fd12030e10e88ffd1d5556ee,op3
5d8fcea50699a79fc678006da8a58194296d76be,op4
876cbd37998efa9a6d08b96c7265df82bf202e90,op5
5dbf7b8d220642e3a8dc7cbd502833df2db10d37,op1
fe9a737acda58979cded430620c3a727c34c87b8,op2
e06f367cb8b7f4266d9dc8e10e9d37c05a6fd19a,op3
872d68d427d5c579fabc37f4b5f8a7c6e657574e,op4
29ef6aa19d640066c0f997cc018ff0661787a2a3,op5
662a8490ed3a836f2be057da54735f9976fca439,op1
9d6e8f0ab6da394d4cea6541eea1e7551344201d,op2
5e9f67957cfaabf6da35fe3a4f60ed90b79d0f87,op3
602521695bde9faccf3740427e8e800c38bcc3b0,op4
50206e04d8e6e430bc6437a683c51b0e67df9513,op5
1657136fb48e183f3528e02c36b700701d2a326f,op1
db72911779b8974dff394b9d06faf42b453d9289,op2
f4811c6e9238d20183af999a7e355fa0b76cc65b,op3
7fee63855f23b8de61ffaf356a08beb55b85a691,op4
b9d3e2a7a9eb7aacc23e748870a525f3e94c95c8,op5
bdbd703b2cf8b9c584109d92ded435451fcd37cb,op1
0de316bbac6bf4c59acdeb999decaa5ea2031bdf,op2
7cd50e3cb836daa3e83f25cbd53afe1e04e574b4,op3
b619201f5bb7d08f010a89891606216d8f1354aa,op4
20dca7e3371cf673f1a0a3ddba03ad1fbf521da4,op5
efa27e714b8171e57bbbc554436ce2dda11aca4b,op1
57bac0cc218dc23aa21c23ff138f76f70964e1cb,op2
f4090a7a151294fc56343b1bb2c7ad99315e4b41,op3
7e452634293b8e33c93ce01bd668f485746a4745,op4
bae65e09593928c96ffa2665aea3005b7932f940,op5
5f5c7be49da1853a0acb150663b2f7f18c12f9d2,op1
79f2668f3c2bfa23d1352c9badf7924f5d4a8326,op2
3296c2a3a6b0504ea949d07eb41fe58a1fe64237,op3
f44069dff6b26947421a7db33028a7153310cb16,op4
a9228301f093a6f81b8cbe2a5964905d09b1ef84,op5
3dff83c78c235091dd785c0dcad9cc63e34c6ba4,op1
8be8fcc1a008386b1777f3cffd053103c45a8162,op2
239636bf54e0c971c99424b2158064932d01c156,op3
4eba0987da757b6a3ae5915a195a921c28df50f7,op4
9ef98fa170bb6b5938e893c837bd2184262e417a,op5
885cf2ff8936315d7b0cd632cd03e06a3d8d854b,op1
352601e12f8ddc2153f04bc2c143ee0138ec2562,op2
42bdacbb1b28b77bb251b23ed85a3e7e14261a25,op3
d70f420c1017631ac057eb5b822c9d50701d9fc5,op4
b9e7702f70d1958b0e763839c2a590c23bc707f3,op5
2b34252680e19f1d13fc04cbe7d2c12301273b10,op1
ecd8c31505439b7cd549ee7eb814f543b96b3689,op2
e93d00330840022045642d99b83231affc4f3deb,op3
bb94f40a7bba6d21d9206ebd1e2f1868d9806f5a,op4
f03997746e441fd333822bf78eff7dbd43c18fac,op5
a9788fca14b70ea0afcfd9219eb15055ea44cdb0,op1
997f6452d99156c1e3381bd08f56480437c43216,op2
c1eced5aec73840eb7d3afc9db6dadf5e071b084,op3
8450e9017197fccb26022a43dbc8529008f7280c,op4
1c1edfce86b805dd0f381dff250777daa61b9af5,op5
a07f9166a13562db24eb6232b4346a898f0b8152,op1
51e088b3c5c8c2beaeeccea23703ab1b691f5b73,op2
b35351bd654ab5ea69a0dd1460c1d58cb8b675fd,op3
aaf22067e7efa8ae16ad709fd192c3549b2ee830,op4
c2b614f1f3dfaa178adccb71bac5b23b20c05dae,op5
98712b50c68fd248fb80b6bf1fcdc1c960168cde,op1
c8791578f5c781c21dacd8e4ed985a5ea9a91195,op2
7787fc730b5da41f8636e09444baa1bec90cb630,op3
ad687fb37df41766d3c018ebaa074b33732d67f1,op4
eedcacec50692500fea71c38709981ef650749ae,op5
5249565634fd10c30cf5d5c9f5d5dd65cebd8e35,op1
11cd497929bffedd7bdf1895e530c84fde242cc7,op2
e5c4e385a5260480581f5654e4a69786a472eff4,op3
d04a8d2dc0f355983c63ad20f9a645ef52653fae,op4
2665da8cc40e20aec45195b92250604d1a5bb941,op5
334311b5df7d0fe84bdce053e8094bbadbc0c6fa,op1
60f53c201a6d7d53a7795fb77c306cdc8b234f31,op2
d55ac5f834cb643f0633d987427df5c85ab1b67d,op3
4ff2c2f183253791b81027aaf3b8acdff8cefb02,op4
ee09699a15d471ba022384a6753ba8d5c607f73b,op5
3a71e16b3fbf2936f139976af96480c9becea65d,op1
8225138b393366d54d5bdba55cfdb2612f6d68b9,op2
41723095ea580aafed23f73a699fb077622f2316,op3
21da38a80046ab35fed85c69629aa7d04c1c769f,op4
cbd11b069c3426d5580d40cf05e21d5b64498ac0,op5
078cf0ba5e2d193d76ac5d1c14ff8c1fff467464,op1
c603af22b690f1178e00fd6c91e11e647bb4b922,op2
